emoji,en,clean_en,zh-TW,zh
ğŸ¥‡,:1st_place_medal:,1st place medal,ç¬¬ä¸€åçç‰Œ,:é‡‘ç‰Œ:
ğŸ¥ˆ,:2nd_place_medal:,2nd place medal,ç¬¬äºŒåçç‰Œ,:é“¶ç‰Œ:
ğŸ¥‰,:3rd_place_medal:,3rd place medal,ç¬¬ä¸‰åçç‰Œ,:é“œç‰Œ:
ğŸ…°,:A_button_(blood_type):,A button (blood type),Aéˆ•ï¼ˆè¡€å‹ï¼‰,:Aå‹è¡€:
â™ˆ,:Aries:,Aries,ç™½ç¾Šåº§,:ç™½ç¾Šåº§:
â™‹,:Cancer:,Cancer,ç™Œç—‡,:å·¨èŸ¹åº§:
ğŸ„,:Christmas_tree:,Christmas tree,è–èª•æ¨¹,:åœ£è¯æ ‘:
ğŸ‡¨ğŸ‡·,:Costa_Rica:,Costa Rica,å“¥æ–¯é”é»åŠ ,:å“¥æ–¯è¾¾é»åŠ :
ğŸ”š,:END_arrow:,END arrow,çµæŸç®­é ­,:ç»“æŸç®­å¤´:
ğŸ†“,:FREE_button:,FREE button,å…è²»æŒ‰éˆ•,:FREEæŒ‰é’®:
ğŸ‡«ğŸ‡·,:France:,France,æ³•åœ‹,:æ³•å›½:
ğŸ‡¬ğŸ‡º,:Guam:,Guam,é—œå³¶,:å…³å²›:
ğŸ‡®ğŸ‡©,:Indonesia:,Indonesia,å°åº¦å°¼è¥¿äº,:å°åº¦å°¼è¥¿äº:
ğŸ‡®ğŸ‡¹,:Italy:,Italy,æ„å¤§åˆ©,:æ„å¤§åˆ©:
ğŸ‡¯ğŸ‡µ,:Japan:,Japan,æ—¥æœ¬,:æ—¥æœ¬:
ğŸ‰‘,:Japanese_acceptable_button:,Japanese acceptable button,æ—¥æœ¬å¯æ¥å—çš„æŒ‰éˆ•,:å¯:
ğŸ‰,:Japanese_bargain_button:,Japanese bargain button,æ—¥æœ¬è¨åƒ¹é‚„åƒ¹æŒ‰éˆ•,:å¾—:
ğŸ¯,:Japanese_castle:,Japanese castle,æ—¥æœ¬åŸå ¡,:æ—¥æœ¬åŸå ¡:
ãŠ—ï¸,:Japanese_congratulations_button:,Japanese congratulations button,æ—¥æœ¬çš„ç¥è³€æŒ‰éˆ•,:ç¥:
ãŠ—,:Japanese_congratulations_button:,Japanese congratulations button,æ—¥æœ¬çš„ç¥è³€æŒ‰éˆ•,:ç¥:
ğŸˆ¹,:Japanese_discount_button:,Japanese discount button,æ—¥æœ¬æŠ˜æ‰£æŒ‰éˆ•,:å‰²:
ğŸ,:Japanese_dolls:,Japanese dolls,æ—¥æœ¬å¨ƒå¨ƒ,:æ—¥æœ¬äººå½¢:
ğŸˆ·ï¸,:Japanese_monthly_amount_button:,Japanese monthly amount button,æ—¥æœ¬æ¯æœˆé‡‘é¡æŒ‰éˆ•,:æœˆ:
ğŸˆµ,:Japanese_no_vacancy_button:,Japanese no vacancy button,æ—¥æœ¬æ²’æœ‰ç©ºç¼ºæŒ‰éˆ•,:æ»¡:
ğŸˆ¶,:Japanese_not_free_of_charge_button:,Japanese not free of charge button,æ—¥èªä¸æ˜¯å…è²»æŒ‰éˆ•,:æœ‰:
ğŸˆº,:Japanese_open_for_business_button:,Japanese open for business button,æ—¥æœ¬æ‰“é–‹æ¥­å‹™æŒ‰éˆ•,:è¥:
ğŸˆ´,:Japanese_passing_grade_button:,Japanese passing grade button,æ—¥æœ¬åŠæ ¼æŒ‰éˆ•,:åˆ:
ğŸˆ²,:Japanese_prohibited_button:,Japanese prohibited button,æ—¥æœ¬ç¦æ­¢æŒ‰éˆ•,:ç¦:
ãŠ™ï¸,:Japanese_secret_button:,Japanese secret button,æ—¥æœ¬ç§˜å¯†æŒ‰éˆ•,:ç§˜:
â™Œ,:Leo:,Leo,ç…å­åº§,:ç‹®å­åº§:
ğŸ‡²ğŸ‡¾,:Malaysia:,Malaysia,é¦¬ä¾†è¥¿äº,:é©¬æ¥è¥¿äºš:
ğŸ†•,:NEW_button:,NEW button,æ–°æŒ‰éˆ•,:newæŒ‰é’®:
ğŸ‡³ğŸ‡±,:Netherlands:,Netherlands,è·è˜­,:è·å…°:
ğŸ‘Œ,:OK_hand:,OK hand,å¥½çš„æ‰‹,:OK:
ğŸ‘ŒğŸ¿,:OK_hand_dark_skin_tone:,OK hand dark skin tone,OKæ‰‹æ·±è†šè‰²,:OK_è¾ƒæ·±è‚¤è‰²:
ğŸ‘ŒğŸ»,:OK_hand_light_skin_tone:,OK hand light skin tone,OKæ‰‹æ·ºè†šè‰²,:OK_è¾ƒæµ…è‚¤è‰²:
ğŸ‘ŒğŸ¾,:OK_hand_medium-dark_skin_tone:,OK hand medium-dark skin tone,OK æ‰‹ ä¸­æ·±è†šè‰²,:OK_ä¸­ç­‰æ·±è‚¤è‰²:
ğŸ‘ŒğŸ¼,:OK_hand_medium-light_skin_tone:,OK hand medium-light skin tone,OKæ‰‹ä¸­æ·ºè†šè‰²,:OK_ä¸­ç­‰æµ…è‚¤è‰²:
ğŸ…¿ï¸,:P_button:,P button,Péµ,:åœè½¦æŒ‰é’®:
ğŸ‡µğŸ‡­,:Philippines:,Philippines,è²å¾‹è³“,:è²å¾‹å®¾:
â™“,:Pisces:,Pisces,é›™é­šåº§,:åŒé±¼åº§:
ğŸ”œ,:SOON_arrow:,SOON arrow,å¾ˆå¿«ç®­é ­,:SOONç®­å¤´:
ğŸ†˜,:SOS_button:,SOS button,æ±‚æ•‘æŒ‰éˆ•,:SOSæŒ‰é’®:
â™,:Sagittarius:,Sagittarius,å°„æ‰‹åº§,:å°„æ‰‹åº§:
ğŸ…,:Santa_Claus:,Santa Claus,è–èª•è€äºº,:åœ£è¯è€äºº:
ğŸ…ğŸ»,:Santa_Claus_light_skin_tone:,Santa Claus light skin tone,è–èª•è€äººæ·ºè†šè‰²,:åœ£è¯è€äºº_è¾ƒæµ…è‚¤è‰²:
ğŸ‡°ğŸ‡·,:South_Korea:,South Korea,éŸ“åœ‹,:éŸ©å›½:
ğŸ‡¸ğŸ‡ª,:Sweden:,Sweden,ç‘å…¸,:ç‘å…¸:
ğŸ¦–,:T-Rex:,T-Rex,éœ¸ç‹é¾,:éœ¸ç‹é¾™:
ğŸ”,:TOP_arrow:,TOP arrow,é ‚éƒ¨ç®­é ­,:ç½®é¡¶:
ğŸ‡¹ğŸ‡¼,:Taiwan:,Taiwan,å°ç£,:å°æ¹¾:
ğŸ‡¹ğŸ‡­,:Thailand:,Thailand,æ³°åœ‹,:æ³°å›½:
ğŸ‡¬ğŸ‡§,:United_Kingdom:,United Kingdom,è‹±åœ‹,:è‹±å›½:
ğŸ‡ºğŸ‡¸,:United_States:,United States,ç¾åœ‹,:ç¾å›½:
ğŸ†š,:VS_button:,VS button,å°æˆ°æŒ‰éˆ•,:VSæŒ‰é’®:
ğŸ’¤,:ZZZ:,ZZZ,ZZZ,:ç¡ç€:
ğŸ§®,:abacus:,abacus,ç®—ç›¤,:ç®—ç›˜:
ğŸ©¹,:adhesive_bandage:,adhesive bandage,ç²˜æ€§ç¹ƒå¸¶,:åˆ›å¯è´´:
ğŸŸ,:admission_tickets:,admission tickets,é–€ç¥¨,:å…¥åœºåˆ¸:
âœˆï¸,:airplane:,airplane,é£›æ©Ÿ,:é£æœº:
â°,:alarm_clock:,alarm clock,é¬§é˜,:é—¹é’Ÿ:
âš—ï¸,:alembic:,alembic,è’¸é¤¾å™¨,:è’¸é¦å™¨:
âš—,:alembic:,alembic,è’¸é¤¾å™¨,:è’¸é¦å™¨:
ğŸ‘½,:alien:,alien,å¤–æ˜Ÿäºº,:å¤–æ˜Ÿäºº:
ğŸš‘,:ambulance:,ambulance,æ•‘è­·è»Š,:æ•‘æŠ¤è½¦:
âš“,:anchor:,anchor,éŒ¨,:é”š:
ğŸ’¢,:anger_symbol:,anger symbol,æ†¤æ€’ç¬¦è™Ÿ,:æ€’:
ğŸ˜ ,:angry_face:,angry face,æ†¤æ€’çš„è‡‰,:ç”Ÿæ°”:
ğŸ‘¿,:angry_face_with_horns:,angry face with horns,æœ‰è§’çš„ç”Ÿæ°£è‡‰,:ç”Ÿæ°”çš„æ¶é­”:
ğŸ˜§,:anguished_face:,anguished face,ç—›è‹¦çš„è‡‰,:æåº¦ç—›è‹¦:
ğŸœ,:ant:,ant,èèŸ»,:èš‚èš:
ğŸ˜°,:anxious_face_with_sweat:,anxious face with sweat,ç„¦æ€¥çš„è‡‰ä¸Šæ»¿æ˜¯æ±—æ°´,:å†·æ±—:
ğŸš›,:articulated_lorry:,articulated lorry,é‰¸æ¥å¼è²¨è»Š,:é“°æ¥å¼è´§è½¦:
ğŸ¨,:artist_palette:,artist palette,è—è¡“å®¶èª¿è‰²æ¿,:è°ƒè‰²ç›˜:
ğŸ˜²,:astonished_face:,astonished face,é©šè¨çš„è‡‰,:éœ‡æƒŠ:
ğŸ›º,:auto_rickshaw:,auto rickshaw,è‡ªå‹•äººåŠ›è»Š,:ä¸‰è½®æ‘©æ‰˜è½¦:
ğŸš—,:automobile:,automobile,æ±½è»Š,:æ±½è½¦:
ğŸ¥‘,:avocado:,avocado,ç‰›æ²¹æœ,:é³„æ¢¨:
ğŸª“,:axe:,axe,æ–§é ­,:æ–§å¤´:
ğŸ‘¶,:baby:,baby,å¬°å…’,:å°å®è´:
ğŸ‘¼,:baby_angel:,baby angel,å¯¶è²å¤©ä½¿,:å°å¤©ä½¿:
ğŸ‘¼ğŸ»,:baby_angel_light_skin_tone:,baby angel light skin tone,å°å¤©ä½¿æ·ºè†šè‰²,:å°å¤©ä½¿_è¾ƒæµ…è‚¤è‰²:
ğŸ¼,:baby_bottle:,baby bottle,å¬°å…’å¥¶ç“¶,:å¥¶ç“¶:
ğŸ¤,:baby_chick:,baby chick,å°é›,:å°é¸¡:
ğŸ‘¶ğŸ»,:baby_light_skin_tone:,baby light skin tone,å¬°å…’æ·ºè†šè‰²,:å°å®è´_è¾ƒæµ…è‚¤è‰²:
ğŸ‘¶ğŸ¾,:baby_medium-dark_skin_tone:,baby medium-dark skin tone,å¬°å…’ä¸­ç­‰-æ·±è†šè‰²,:å°å®è´_ä¸­ç­‰æ·±è‚¤è‰²:
ğŸ‘¶ğŸ¼,:baby_medium-light_skin_tone:,baby medium-light skin tone,å¬°å…’ä¸­æ·ºè†šè‰²,:å°å®è´_ä¸­ç­‰æµ…è‚¤è‰²:
ğŸ‘‡,:backhand_index_pointing_down:,backhand index pointing down,åæ‰‹æŒ‡æ•¸å‘ä¸‹,:åæ‰‹é£ŸæŒ‡å‘ä¸‹æŒ‡:
ğŸ‘‡ğŸ¿,:backhand_index_pointing_down_dark_skin_tone:,backhand index pointing down dark skin tone,åæ‰‹é£ŸæŒ‡æœä¸‹æ·±è‰²è†šè‰²,:åæ‰‹é£ŸæŒ‡å‘ä¸‹æŒ‡_è¾ƒæ·±è‚¤è‰²:
ğŸ‘‡ğŸ»,:backhand_index_pointing_down_light_skin_tone:,backhand index pointing down light skin tone,åæ‰‹æŒ‡æ•¸æŒ‡å‘ä¸‹æ·ºè†šè‰²,:åæ‰‹é£ŸæŒ‡å‘ä¸‹æŒ‡_è¾ƒæµ…è‚¤è‰²:
ğŸ‘‡ğŸ¼,:backhand_index_pointing_down_medium-light_skin_tone:,backhand index pointing down medium-light skin tone,åæ‰‹é£ŸæŒ‡æœä¸‹ ä¸­æ·ºè†šè‰²,:åæ‰‹é£ŸæŒ‡å‘ä¸‹æŒ‡_ä¸­ç­‰æµ…è‚¤è‰²:
ğŸ‘ˆ,:backhand_index_pointing_left:,backhand index pointing left,åæ‰‹é£ŸæŒ‡å‘å·¦,:åæ‰‹é£ŸæŒ‡å‘å·¦æŒ‡:
ğŸ‘ˆğŸ»,:backhand_index_pointing_left_light_skin_tone:,backhand index pointing left light skin tone,åæ‰‹é£ŸæŒ‡æŒ‡å‘å·¦å´æ·ºè†šè‰²,:åæ‰‹é£ŸæŒ‡å‘å·¦æŒ‡_è¾ƒæµ…è‚¤è‰²:
ğŸ‘ˆğŸ¼,:backhand_index_pointing_left_medium-light_skin_tone:,backhand index pointing left medium-light skin tone,åæ‰‹é£ŸæŒ‡æŒ‡å‘å·¦å´ä¸­æ·ºè†šè‰²,:åæ‰‹é£ŸæŒ‡å‘å·¦æŒ‡_ä¸­ç­‰æµ…è‚¤è‰²:
ğŸ‘‰,:backhand_index_pointing_right:,backhand index pointing right,åæ‰‹æŒ‡æ•¸æŒ‡å‘å³,:åæ‰‹é£ŸæŒ‡å‘å³æŒ‡:
ğŸ‘‰ğŸ»,:backhand_index_pointing_right_light_skin_tone:,backhand index pointing right light skin tone,åæ‰‹é£ŸæŒ‡æŒ‡å‘å³å´æ·ºè†šè‰²,:åæ‰‹é£ŸæŒ‡å‘å³æŒ‡_è¾ƒæµ…è‚¤è‰²:
ğŸ‘‰ğŸ¼,:backhand_index_pointing_right_medium-light_skin_tone:,backhand index pointing right medium-light skin tone,åæ‰‹é£ŸæŒ‡æŒ‡å‘å³ ä¸­æ·ºè†šè‰²,:åæ‰‹é£ŸæŒ‡å‘å³æŒ‡_ä¸­ç­‰æµ…è‚¤è‰²:
ğŸ‘‰ğŸ½,:backhand_index_pointing_right_medium_skin_tone:,backhand index pointing right medium skin tone,åæ‰‹æŒ‡æ•¸æŒ‡å‘å³ ä¸­ç­‰è†šè‰²,:åæ‰‹é£ŸæŒ‡å‘å³æŒ‡_ä¸­ç­‰è‚¤è‰²:
ğŸ‘†,:backhand_index_pointing_up:,backhand index pointing up,åæ‰‹æŒ‡æ•¸æœä¸Š,:åæ‰‹é£ŸæŒ‡å‘ä¸ŠæŒ‡:
ğŸ‘†ğŸ¿,:backhand_index_pointing_up_dark_skin_tone:,backhand index pointing up dark skin tone,åæ‰‹é£ŸæŒ‡æœä¸Š æ·±è‰²è†šè‰²,:åæ‰‹é£ŸæŒ‡å‘ä¸ŠæŒ‡_è¾ƒæ·±è‚¤è‰²:
ğŸ‘†ğŸ»,:backhand_index_pointing_up_light_skin_tone:,backhand index pointing up light skin tone,åæ‰‹æŒ‡æ•¸æœä¸Šæ·ºè†šè‰²,:åæ‰‹é£ŸæŒ‡å‘ä¸ŠæŒ‡_è¾ƒæµ…è‚¤è‰²:
ğŸ‘†ğŸ¼,:backhand_index_pointing_up_medium-light_skin_tone:,backhand index pointing up medium-light skin tone,åæ‰‹æŒ‡æ•¸æœä¸Š ä¸­æ·ºè†šè‰²,:åæ‰‹é£ŸæŒ‡å‘ä¸ŠæŒ‡_ä¸­ç­‰æµ…è‚¤è‰²:
ğŸ’,:backpack:,backpack,èƒŒåŒ…,:ä¹¦åŒ…:
ğŸ¥“,:bacon:,bacon,ç†è‚‰,:åŸ¹æ ¹:
ğŸ¸,:badminton:,badminton,ç¾½æ¯›çƒ,:ç¾½æ¯›çƒ:
ğŸ¥¯,:bagel:,bagel,ç™¾å‰é¤…,:é¢åŒ…åœˆ:
ğŸ¥–,:baguette_bread:,baguette bread,é•·æ£éºµåŒ…,:æ³•å¼é•¿æ£é¢åŒ…:
âš–ï¸,:balance_scale:,balance scale,å¤©å¹³,:å¤©å¹³:
ğŸ©°,:ballet_shoes:,ballet shoes,èŠ­è•¾èˆé‹,:èŠ­è•¾èˆé‹:
ğŸˆ,:balloon:,balloon,æ°£çƒ,:æ°”çƒ:
ğŸŒ,:banana:,banana,é¦™è•‰,:é¦™è•‰:
ğŸ’ˆ,:barber_pole:,barber pole,ç†é«®åº—æ‹›ç‰Œ,:ç†å‘åº—:
âš¾,:baseball:,baseball,æ£’çƒ,:æ£’çƒ:
ğŸ§º,:basket:,basket,ç±ƒå­,:ç­:
ğŸ€,:basketball:,basketball,ç±ƒçƒ,:ç¯®çƒ:
ğŸ›,:bathtub:,bathtub,æµ´ç¼¸,:æµ´ç¼¸:
ğŸ”‹,:battery:,battery,é›»æ± ,:ç”µæ± :
ğŸ–ï¸,:beach_with_umbrella:,beach with umbrella,æœ‰å‚˜çš„æµ·ç˜,:æ²™æ»©ä¼:
ğŸ–,:beach_with_umbrella:,beach with umbrella,æœ‰å‚˜çš„æµ·ç˜,:æ²™æ»©ä¼:
ğŸ˜,:beaming_face_with_smiling_eyes:,beaming face with smiling eyes,ç¬‘çœ¼ç›ˆç›ˆ,:å˜»å˜»:
ğŸ»,:bear:,bear,ç†Š,:ç†Š:
ğŸ’“,:beating_heart:,beating heart,è·³å‹•çš„å¿ƒ,:å¿ƒè·³:
ğŸ›ï¸,:bed:,bed,åºŠ,:åºŠ:
ğŸ›,:bed:,bed,åºŠ,:åºŠ:
ğŸº,:beer_mug:,beer mug,å•¤é…’æ¯,:å•¤é…’:
ğŸ””,:bell:,bell,é˜,:é“ƒé“›:
ğŸ›ï¸,:bellhop_bell:,bellhop bell,ä¾è€…éˆ´,:æœåŠ¡é“ƒ:
ğŸ±,:bento_box:,bento box,ä¾¿ç•¶ç›’,:ç›’é¥­:
ğŸ§ƒ,:beverage_box:,beverage box,é£²æ–™ç›’,:é¥®æ–™ç›’:
ğŸ‘™,:bikini:,bikini,æ¯”åŸºå°¼,:æ¯”åŸºå°¼:
ğŸ§¢,:billed_cap:,billed cap,å˜´å¸½,:é¸­èˆŒå¸½:
ğŸ¦,:bird:,bird,é³¥,:é¸Ÿ:
ğŸ‚,:birthday_cake:,birthday cake,ç”Ÿæ—¥è›‹ç³•,:ç”Ÿæ—¥è›‹ç³•:
ğŸˆâ€â¬›,:black_cat:,black cat,é»‘è²“,:é»‘çŒ«:
âš«,:black_circle:,black circle,é»‘åœˆ,:é»‘è‰²åœ†:
ğŸ–¤,:black_heart:,black heart,é»‘å¿ƒ,:é»‘å¿ƒ:
âœ’,:black_nib:,black nib,é»‘è‰²ç­†å°–,:é’¢ç¬”å°–:
â–ªï¸,:black_small_square:,black small square,é»‘è‰²å°æ–¹å¡Š,:é»‘è‰²å°æ–¹å—:
â–ª,:black_small_square:,black small square,é»‘è‰²å°æ–¹å¡Š,:é»‘è‰²å°æ–¹å—:
ğŸŒ¼,:blossom:,blossom,é–‹èŠ±,:å¼€èŠ±:
ğŸ¡,:blowfish:,blowfish,æ²³è±š,:æ²³è±š:
ğŸ”µ,:blue_circle:,blue circle,è—è‰²åœ“åœˆ,:è“è‰²åœ†:
ğŸ’™,:blue_heart:,blue heart,è—è‰²çš„å¿ƒ,:è“å¿ƒ:
ğŸ«,:blueberries:,blueberries,è—è“,:è“è“:
ğŸ—,:boar:,boar,å…¬è±¬,:é‡çŒª:
ğŸ’£,:bomb:,bomb,ç‚¸å½ˆ,:ç‚¸å¼¹:
ğŸ¾,:bottle_with_popping_cork:,bottle with popping cork,çˆ†è£‚ç“¶,:å¼€é¦™æ§Ÿ:
ğŸ’,:bouquet:,bouquet,èŠ±æŸ,:èŠ±æŸ:
ğŸ¥£,:bowl_with_spoon:,bowl with spoon,å¸¶å‹ºå­çš„ç¢—,:ç¢—å‹º:
ğŸ¥Š,:boxing_glove:,boxing glove,æ‹³æ“Šæ‰‹å¥—,:æ‹³å‡»æ‰‹å¥—:
ğŸ‘¦,:boy:,boy,ç”·ç”Ÿ,:ç”·å­©:
ğŸ‘¦ğŸ¿,:boy_dark_skin_tone:,boy dark skin tone,ç”·å­©æ·±è‰²è†šè‰²,:ç”·å­©_è¾ƒæ·±è‚¤è‰²:
ğŸ‘¦ğŸ»,:boy_light_skin_tone:,boy light skin tone,ç”·å­©æ·ºè†šè‰²,:ç”·å­©_è¾ƒæµ…è‚¤è‰²:
ğŸ‘¦ğŸ¾,:boy_medium-dark_skin_tone:,boy medium-dark skin tone,ç”·å­©ä¸­ç­‰-æ·±è†šè‰²,:ç”·å­©_ä¸­ç­‰æ·±è‚¤è‰²:
ğŸ‘¦ğŸ½,:boy_medium_skin_tone:,boy medium skin tone,ç”·å­©ä¸­ç­‰è†šè‰²,:ç”·å­©_ä¸­ç­‰è‚¤è‰²:
ğŸ§ ,:brain:,brain,è…¦,:è„‘:
ğŸ,:bread:,bread,éºµåŒ…,:é¢åŒ…:
ğŸ¤±,:breast-feeding:,breast-feeding,å“ºä¹³,:æ¯ä¹³å–‚å…»:
ğŸ”†,:bright_button:,bright button,æ˜äº®çš„æŒ‰éˆ•,:é«˜äº®åº¦æŒ‰é’®:
ğŸ’”,:broken_heart:,broken heart,ç ´ç¢çš„å¿ƒ,:å¿ƒç¢:
ğŸ¤,:brown_heart:,brown heart,æ£•è‰²çš„å¿ƒ,:æ£•å¿ƒ:
ğŸ§‹,:bubble_tea:,bubble tea,çç å¥¶èŒ¶,:çç å¥¶èŒ¶:
ğŸ«§,:bubbles:,bubbles,æ°£æ³¡,:æ°”æ³¡:
ğŸ›,:bug:,bug,æ¼æ´,:æ¯›æ¯›è™«:
ğŸš…,:bullet_train:,bullet train,å­å½ˆé ­åˆ—è»Š,:å­å¼¹å¤´é«˜é€Ÿåˆ—è½¦:
ğŸŒ¯,:burrito:,burrito,æ²é¤…,:å¢¨è¥¿å“¥ç‰ç±³ç…é¥¼:
ğŸšŒ,:bus:,bus,å…¬å…±æ±½è»Š,:å…¬äº¤è½¦:
ğŸ¦‹,:butterfly:,butterfly,è´è¶,:è´è¶:
ğŸŒµ,:cactus:,cactus,ä»™äººæŒ,:ä»™äººæŒ:
ğŸ“…,:calendar:,calendar,æ—¥æ›†,:æ—¥å†:
ğŸ¤™,:call_me_hand:,call me hand,å«æˆ‘æ‰‹,:ç»™æˆ‘æ‰“ç”µè¯:
ğŸ¤™ğŸ»,:call_me_hand_light_skin_tone:,call me hand light skin tone,å«æˆ‘æ‰‹æ·ºè†šè‰²,:ç»™æˆ‘æ‰“ç”µè¯_è¾ƒæµ…è‚¤è‰²:
ğŸ¤™ğŸ¼,:call_me_hand_medium-light_skin_tone:,call me hand medium-light skin tone,å«æˆ‘çš„æ‰‹ ä¸­æ·ºè†šè‰²,:ç»™æˆ‘æ‰“ç”µè¯_ä¸­ç­‰æµ…è‚¤è‰²:
ğŸ¤™ğŸ½,:call_me_hand_medium_skin_tone:,call me hand medium skin tone,å«æˆ‘æ‰‹ä¸­ç­‰è†šè‰²,:ç»™æˆ‘æ‰“ç”µè¯_ä¸­ç­‰è‚¤è‰²:
ğŸ“·,:camera:,camera,ç›¸æ©Ÿ,:ç›¸æœº:
ğŸ“¸,:camera_with_flash:,camera with flash,å¸¶é–ƒå…‰ç‡ˆçš„ç›¸æ©Ÿ,:å¼€é—ªå…‰ç¯çš„ç›¸æœº:
ğŸ•ï¸,:camping:,camping,é‡ç‡Ÿ,:éœ²è¥:
ğŸ•,:camping:,camping,é‡ç‡Ÿ,:éœ²è¥:
ğŸ•¯ï¸,:candle:,candle,è Ÿç‡­,:èœ¡çƒ›:
ğŸ•¯,:candle:,candle,è Ÿç‡­,:èœ¡çƒ›:
ğŸ¬,:candy:,candy,ç³–æœ,:ç³–:
ğŸ›¶,:canoe:,canoe,ç¨æœ¨èˆŸ,:ç‹¬æœ¨èˆŸ:
ğŸ ,:carousel_horse:,carousel horse,æ—‹è½‰æœ¨é¦¬,:æ—‹è½¬æœ¨é©¬:
ğŸ¥•,:carrot:,carrot,èƒ¡è˜¿è””,:èƒ¡èåœ:
ğŸ°,:castle:,castle,åŸå ¡,:æ¬§æ´²åŸå ¡:
ğŸˆ,:cat:,cat,è²“,:çŒ«:
ğŸ±,:cat_face:,cat face,è²“è‡‰,:çŒ«è„¸:
ğŸ˜¹,:cat_with_tears_of_joy:,cat with tears of joy,è²“æµè‘—å–œæ‚…çš„æ·šæ°´,:ç¬‘å‡ºçœ¼æ³ªçš„çŒ«:
ğŸ˜¼,:cat_with_wry_smile:,cat with wry smile,è‹¦ç¬‘çš„è²“,:å¥¸ç¬‘çš„çŒ«:
ğŸ“‰,:chart_decreasing:,chart decreasing,åœ–è¡¨æ¸›å°‘,:è¶‹åŠ¿å‘ä¸‹çš„å›¾è¡¨:
ğŸ“ˆ,:chart_increasing:,chart increasing,åœ–è¡¨å¢åŠ ,:è¶‹åŠ¿å‘ä¸Šçš„å›¾è¡¨:
â˜‘ï¸,:check_box_with_check:,check box with check,è¤‡é¸æ¡†èˆ‡æª¢æŸ¥,:å‹¾é€‰æ¡†:
â˜‘,:check_box_with_check:,check box with check,è¤‡é¸æ¡†èˆ‡æª¢æŸ¥,:å‹¾é€‰æ¡†:
âœ”ï¸,:check_mark:,check mark,è¤‡é¸æ¨™è¨˜,:å‹¾å·:
âœ”,:check_mark:,check mark,è¤‡é¸æ¨™è¨˜,:å‹¾å·:
âœ…,:check_mark_button:,check mark button,è¤‡é¸æ¨™è¨˜æŒ‰éˆ•,:å‹¾å·æŒ‰é’®:
ğŸ§€,:cheese_wedge:,cheese wedge,å¥¶é…ªè§’,:èŠå£«:
ğŸ,:chequered_flag:,chequered flag,æ–¹æ ¼æ——,:ç»ˆç‚¹æ——:
ğŸ’,:cherries:,cherries,æ«»æ¡ƒ,:æ¨±æ¡ƒ:
ğŸŒ¸,:cherry_blossom:,cherry blossom,æ«»èŠ±,:æ¨±èŠ±:
â™Ÿï¸,:chess_pawn:,chess pawn,æ£‹å­,:å…µ:
â™Ÿ,:chess_pawn:,chess pawn,æ£‹å­,:å…µ:
ğŸŒ°,:chestnut:,chestnut,æ¿æ —,:æ —å­:
ğŸ”,:chicken:,chicken,é›,:é¸¡:
ğŸ¿ï¸,:chipmunk:,chipmunk,èŠ±æ —é¼ ,:æ¾é¼ :
ğŸ¿,:chipmunk:,chipmunk,èŠ±æ —é¼ ,:æ¾é¼ :
ğŸ«,:chocolate_bar:,chocolate bar,å·§å…‹åŠ›å§,:å·§å…‹åŠ›:
ğŸ¥¢,:chopsticks:,chopsticks,ç­·å­,:ç­·å­:
ğŸš¬,:cigarette:,cigarette,é¦™ç…™,:é¦™çƒŸ:
ğŸ¬,:clapper_board:,clapper board,æ‹æ¿,:åœºè®°æ¿:
ğŸ‘,:clapping_hands:,clapping hands,æ‹æ‰‹,:é¼“æŒ:
ğŸ‘ğŸ»,:clapping_hands_light_skin_tone:,clapping hands light skin tone,æ‹æ‰‹ æ·ºè†šè‰²,:é¼“æŒ_è¾ƒæµ…è‚¤è‰²:
ğŸ›ï¸,:classical_building:,classical building,å¤å…¸å»ºç¯‰,:å¤å…¸å»ºç­‘:
ğŸ»,:clinking_beer_mugs:,clinking beer mugs,å®å™¹éŸ¿çš„å•¤é…’æ¯,:å¹²æ¯:
ğŸ¥‚,:clinking_glasses:,clinking glasses,ç¢°æ¯,:ç¢°æ¯:
ğŸŒ‚,:closed_umbrella:,closed umbrella,é–‰åˆçš„å‚˜,:æ”¶èµ·çš„ä¼:
â˜ï¸,:cloud:,cloud,é›²,:äº‘:
â˜,:cloud:,cloud,é›²,:äº‘:
â›ˆ,:cloud_with_lightning_and_rain:,cloud with lightning and rain,é›²èˆ‡é–ƒé›»å’Œé›¨,:é›·é˜µé›¨:
ğŸŒ§ï¸,:cloud_with_rain:,cloud with rain,äº‘æœ‰é›¨,:ä¸‹é›¨:
ğŸŒ§,:cloud_with_rain:,cloud with rain,äº‘æœ‰é›¨,:ä¸‹é›¨:
ğŸŒ¨,:cloud_with_snow:,cloud with snow,æœ‰é›ªçš„é›²,:ä¸‹é›ª:
ğŸ¤¡,:clown_face:,clown face,å°ä¸‘è‡‰,:å°ä¸‘è„¸:
ğŸ§¥,:coat:,coat,å¤–å¥—,:å¤–å¥—:
ğŸ¸,:cocktail_glass:,cocktail glass,é›å°¾é…’æ¯,:é¸¡å°¾é…’:
âš°ï¸,:coffin:,coffin,æ£ºæ,:æ£ºæ:
ğŸ¥¶,:cold_face:,cold face,å†·è‡‰,:å†·è„¸:
ğŸ’¥,:collision:,collision,ç¢°æ’,:çˆ†ç‚¸:
â˜„ï¸,:comet:,comet,å½—æ˜Ÿ,:å½—æ˜Ÿ:
â˜„,:comet:,comet,å½—æ˜Ÿ,:å½—æ˜Ÿ:
ğŸŠ,:confetti_ball:,confetti ball,äº”å½©ç´™å±‘çƒ,:äº”å½©çº¸å±‘çƒ:
ğŸ˜–,:confounded_face:,confounded face,å›°æƒ‘çš„è‡‰,:å›°æƒ‘:
ğŸ˜•,:confused_face:,confused face,å›°æƒ‘çš„è‡‰,:å›°æ‰°:
ğŸ‘·,:construction_worker:,construction worker,å»ºç¯‰å·¥äºº,:å»ºç­‘å·¥äºº:
ğŸš,:cooked_rice:,cooked rice,ç†Ÿç±³é£¯,:ç±³é¥­:
ğŸª,:cookie:,cookie,æ›²å¥‡é¤…,:é¥¼å¹²:
ğŸ³,:cooking:,cooking,çƒ¹é£ª,:ç…è›‹:
Â©ï¸,:copyright:,copyright,ç‰ˆæ¬Š,:ç‰ˆæƒ:
Â©,:copyright:,copyright,ç‰ˆæ¬Š,:ç‰ˆæƒ:
ğŸ›‹ï¸,:couch_and_lamp:,couch and lamp,æ²™ç™¼å’Œç‡ˆ,:æ²™å‘å’Œç¯:
ğŸ”„,:counterclockwise_arrows_button:,counterclockwise arrows button,é€†æ™‚é‡ç®­é ­æŒ‰éˆ•,:é€†æ—¶é’ˆç®­å¤´æŒ‰é’®:
ğŸ’‘,:couple_with_heart:,couple with heart,å¤«å©¦èˆ‡å¿ƒ,:æƒ…ä¾£:
ğŸ‘©â€â¤ï¸â€ğŸ‘¨,:couple_with_heart_woman_man:,couple with heart woman man,å¤«å©¦èˆ‡å¿ƒè‡Ÿå¥³äººç”·äºº,:æƒ…ä¾£_å¥³äººç”·äºº:
ğŸ‘©ğŸ»â€â¤ï¸â€ğŸ‘¨ğŸ»,:couple_with_heart_woman_man_light_skin_tone:,couple with heart woman man light skin tone,å¤«å¦»å¿ƒå¥³ç”·æ·ºè†šè‰²,:æƒ…ä¾£_å¥³äººç”·äººè¾ƒæµ…è‚¤è‰²:
ğŸ‘©â€â¤ï¸â€ğŸ‘©,:couple_with_heart_woman_woman:,couple with heart woman woman,å¤«å©¦èˆ‡å¿ƒè‡Ÿå¥³äººå¥³äºº,:æƒ…ä¾£_å¥³äººå¥³äºº:
ğŸ„,:cow:,cow,å¥¶ç‰›,:å¥¶ç‰›:
ğŸ®,:cow_face:,cow face,ç‰›è‡‰,:å¥¶ç‰›å¤´:
ğŸ¤ ,:cowboy_hat_face:,cowboy hat face,ç‰›ä»”å¸½è‡‰,:ç‰›ä»”å¸½è„¸:
ğŸ¦€,:crab:,crab,èƒèŸ¹,:èŸ¹:
ğŸ–,:crayon:,crayon,è Ÿç­†,:èœ¡ç¬”:
ğŸŒ™,:crescent_moon:,crescent moon,æ–°æœˆ,:å¼¯æœˆ:
ğŸŠ,:crocodile:,crocodile,é±·é­š,:é³„é±¼:
ğŸ¥,:croissant:,croissant,ç¾Šè§’éºµåŒ…,:ç¾Šè§’é¢åŒ…:
âŒ,:cross_mark:,cross mark,åå­—æ¨™è¨˜,:å‰å·:
â,:cross_mark_button:,cross mark button,åå­—æ¨™è¨˜æŒ‰éˆ•,:å‰å·æŒ‰é’®:
ğŸ¤,:crossed_fingers:,crossed fingers,äº¤å‰æ‰‹æŒ‡,:äº¤å‰çš„æ‰‹æŒ‡:
âš”ï¸,:crossed_swords:,crossed swords,åå­—åŠ,:äº¤å‰æ”¾ç½®çš„å‰‘:
âš”,:crossed_swords:,crossed swords,åå­—åŠ,:äº¤å‰æ”¾ç½®çš„å‰‘:
ğŸ‘‘,:crown:,crown,ç‹å† ,:çš‡å† :
ğŸ˜¿,:crying_cat:,crying cat,å“­æ³£çš„è²“,:å“­æ³£çš„çŒ«:
ğŸ˜¢,:crying_face:,crying face,å“­è‡‰,:å“­:
ğŸ”®,:crystal_ball:,crystal ball,æ°´æ™¶çƒ,:æ°´æ™¶çƒ:
ğŸ¥’,:cucumber:,cucumber,é»ƒç“œ,:é»„ç“œ:
ğŸ¥¤,:cup_with_straw:,cup with straw,å¸¶å¸ç®¡çš„æ¯å­,:å¸¦å¸ç®¡æ¯:
ğŸ§,:cupcake:,cupcake,ç´™æ¯è›‹ç³•,:çº¸æ¯è›‹ç³•:
â°,:curly_loop:,curly loop,æ²æ›²å¾ªç’°,:å·æ›²ç¯:
ğŸ›,:curry_rice:,curry rice,å’–å“©é£¯,:å’–å–±é¥­:
ğŸ®,:custard:,custard,å¡ä»•é”é†¬,:å¥¶é»„:
ğŸ¥©,:cut_of_meat:,cut of meat,åˆ‡è‚‰,:è‚‰å—:
ğŸ—¡,:dagger:,dagger,åŒ•é¦–,:åŒ•é¦–:
ğŸ¡,:dango:,dango,åœ˜å­,:å›¢å­:
ğŸ’¨,:dashing_away:,dashing away,é£›å¥”è€Œå»,:å°¾æ°”:
ğŸ§â€â™‚ï¸,:deaf_man:,deaf man,è¾äºº,:å¤±èªçš„ç”·äºº:
ğŸ§ğŸ»â€â™‚ï¸,:deaf_man_light_skin_tone:,deaf man light skin tone,è¾äººæ·ºè†šè‰²,:å¤±èªçš„ç”·äºº_è¾ƒæµ…è‚¤è‰²:
ğŸ§â€â™€ï¸,:deaf_woman:,deaf woman,è¾å¥³äºº,:å¤±èªçš„å¥³äºº:
ğŸ§ğŸ»â€â™€ï¸,:deaf_woman_light_skin_tone:,deaf woman light skin tone,è¾å•å¥³äººæ·ºè†šè‰²,:å¤±èªçš„å¥³äºº_è¾ƒæµ…è‚¤è‰²:
ğŸŒ³,:deciduous_tree:,deciduous tree,è½è‘‰å–¬æœ¨,:è½å¶æ ‘:
ğŸ¦Œ,:deer:,deer,é¹¿,:é¹¿:
ğŸšš,:delivery_truck:,delivery truck,é€è²¨å¡è»Š,:è´§è½¦:
ğŸ¬,:department_store:,department store,ç™¾è²¨å•†åº—,:å•†åœº:
ğŸï¸,:desert_island:,desert island,æ²™æ¼ è’å³¶,:æ— äººè’å²›:
ğŸ,:desert_island:,desert island,æ²™æ¼ è’å³¶,:æ— äººè’å²›:
ğŸ–¥,:desktop_computer:,desktop computer,å°å¼é›»è…¦,:å°å¼ç”µè„‘:
â™¦,:diamond_suit:,diamond suit,é‘½çŸ³å¥—è£,:æ–¹ç‰‡:
ğŸ”…,:dim_button:,dim button,æš—æŒ‰éˆ•,:ä½äº®åº¦æŒ‰é’®:
ğŸ˜,:disappointed_face:,disappointed face,å¤±æœ›çš„è‡‰,:å¤±æœ›:
ğŸ¥¸,:disguised_face:,disguised face,å½è£çš„è‡‰,:ä¼ªè£…çš„è„¸:
â—,:divide:,divide,åŠƒåˆ†,:é™¤:
ğŸ¤¿,:diving_mask:,diving mask,æ½›æ°´é¢å…·,:æ½œæ°´é¢ç½©:
ğŸª”,:diya_lamp:,diya lamp,åœ°äºç‡ˆ,:å°åº¦æ²¹ç¯:
ğŸ’«,:dizzy:,dizzy,æšˆçœ©çš„,:å¤´æ™•:
ğŸ•,:dog:,dog,ç‹—,:ç‹—:
ğŸ¶,:dog_face:,dog face,ç‹—è‡‰,:ç‹—è„¸:
ğŸ¬,:dolphin:,dolphin,æµ·è±š,:æµ·è±š:
ğŸšª,:door:,door,é–€,:é—¨:
ğŸ”¯,:dotted_six-pointed_star:,dotted six-pointed star,é»ç‹€å…­è§’æ˜Ÿ,:å¸¦ä¸­é—´ç‚¹çš„å…­èŠ’æ˜Ÿ:
â€¼ï¸,:double_exclamation_mark:,double exclamation mark,é›™æ„Ÿå˜†è™Ÿ,:åŒæ„Ÿå¹å·:
â€¼,:double_exclamation_mark:,double exclamation mark,é›™æ„Ÿå˜†è™Ÿ,:åŒæ„Ÿå¹å·:
ğŸ©,:doughnut:,doughnut,æ²¹ç‚¸åœˆé¤…,:ç”œç”œåœˆ:
ğŸ•Š,:dove:,dove,é´¿å­,:é¸½:
â¬‡ï¸,:down_arrow:,down arrow,å‘ä¸‹ç®­é ­,:å‘ä¸‹ç®­å¤´:
ğŸ˜“,:downcast_face_with_sweat:,downcast face with sweat,å‚é ­å–ªæ°£çš„è‡‰,:æ±—:
ğŸ”½,:downwards_button:,downwards button,å‘ä¸‹æŒ‰éˆ•,:å‘ä¸‹ä¸‰è§’å½¢æŒ‰é’®:
ğŸ‰,:dragon:,dragon,é¾,:é¾™:
ğŸ²,:dragon_face:,dragon face,é¾è‡‰,:é¾™å¤´:
ğŸ‘—,:dress:,dress,è£™å­,:è¿è¡£è£™:
ğŸ¤¤,:drooling_face:,drooling face,æµå£æ°´çš„è‡‰,:æµå£æ°´:
ğŸ©¸,:drop_of_blood:,drop of blood,ä¸€æ»´è¡€,:è¡€æ»´:
ğŸ’§,:droplet:,droplet,æ°´æ»´,:æ°´æ»´:
ğŸ¥,:drum:,drum,é¼“,:é¼“:
ğŸ¦†,:duck:,duck,é´¨å­,:é¸­å­:
ğŸ¥Ÿ,:dumpling:,dumpling,é¤ƒå­,:é¥ºå­:
ğŸ¦…,:eagle:,eagle,é·¹,:é¹°:
ğŸ‘‚,:ear:,ear,è€³æœµ,:è€³æœµ:
ğŸ¥š,:egg:,egg,è›‹,:è›‹:
ğŸ˜,:elephant:,elephant,å¤§è±¡,:å¤§è±¡:
ğŸ˜¡,:enraged_face:,enraged face,æ†¤æ€’çš„è‡‰,:æ€’ç«ä¸­çƒ§:
âœ‰ï¸,:envelope:,envelope,ä¿¡å°,:ä¿¡å°:
ğŸ“©,:envelope_with_arrow:,envelope with arrow,å¸¶ç®­é ­çš„ä¿¡å°,:æ”¶é‚®ä»¶:
ğŸŒ²,:evergreen_tree:,evergreen tree,å¸¸é’æ¨¹,:æ¾æ ‘:
ğŸ‘,:ewe:,ewe,æ¯ç¾Š,:æ¯ç¾Š:
â‰ï¸,:exclamation_question_mark:,exclamation question mark,æ„Ÿå˜†å•è™Ÿ,:æ„Ÿå¹ç–‘é—®å·:
ğŸ¤¯,:exploding_head:,exploding head,çˆ†ç‚¸é ­,:çˆ†ç‚¸å¤´:
ğŸ˜‘,:expressionless_face:,expressionless face,é¢ç„¡è¡¨æƒ…,:æ— è¯­:
ğŸ‘ï¸,:eye:,eye,çœ¼ç›,:çœ¼ç›:
ğŸ‘,:eye:,eye,çœ¼ç›,:çœ¼ç›:
ğŸ‘€,:eyes:,eyes,çœ¼ç›,:åŒçœ¼:
ğŸ˜˜,:face_blowing_a_kiss:,face blowing a kiss,é£›å»,:é£å»:
ğŸ˜®â€ğŸ’¨,:face_exhaling:,face exhaling,è‡‰å‘¼æ°£,:å‘¼æ°”:
ğŸ¥¹,:face_holding_back_tears:,face holding back tears,å¼·å¿æ·šæ°´çš„è‡‰,:å¿ä½æ³ªæ°´:
ğŸ˜¶â€ğŸŒ«ï¸,:face_in_clouds:,face in clouds,é¢å°é›²,:è¿·èŒ«:
ğŸ˜‹,:face_savoring_food:,face savoring food,é¢å°ç¾é£Ÿ,:å¥½åƒ:
ğŸ˜±,:face_screaming_in_fear:,face screaming in fear,åš‡å¾—å°–å«çš„è‡‰,:å“æ­»äº†:
ğŸ¤®,:face_vomiting:,face vomiting,è‡‰å˜”å,:å‘•å:
ğŸ˜µ,:face_with_crossed-out_eyes:,face with crossed-out eyes,çœ¼ç›æ‰“å‰çš„è‡‰,:æ™•å¤´è½¬å‘:
ğŸ¤­,:face_with_hand_over_mouth:,face with hand over mouth,æ‰‹æ‘€è‡‰,:ä¸è¯´:
ğŸ¤•,:face_with_head-bandage:,face with head-bandage,é ­å¸¶ç¹ƒå¸¶çš„è‡‰,:å—ä¼¤:
ğŸ˜·,:face_with_medical_mask:,face with medical mask,æˆ´è‘—é†«ç”¨å£ç½©çš„è‡‰,:æ„Ÿå†’:
ğŸ§,:face_with_monocle:,face with monocle,é¢å°å–®ç‰‡çœ¼é¡,:å¸¦å•ç‰‡çœ¼é•œçš„è„¸:
ğŸ«¢,:face_with_open_eyes_and_hand_over_mouth:,face with open eyes and hand over mouth,çœé–‹çœ¼ç›ï¼Œç”¨æ‰‹æ‘€ä½å˜´å·´,:ççœ¼æ‚å˜´:
ğŸ˜®,:face_with_open_mouth:,face with open mouth,å¼µé–‹å˜´å·´é¢å°,:åƒæƒŠ:
ğŸ«£,:face_with_peeking_eye:,face with peeking eye,å·çœ‹çš„è‡‰,:å·çœ‹:
ğŸ¤¨,:face_with_raised_eyebrow:,face with raised eyebrow,æšçœ‰çš„è‡‰,:æŒ‘çœ‰:
ğŸ™„,:face_with_rolling_eyes:,face with rolling eyes,ç¿»ç™½çœ¼,:ç¿»ç™½çœ¼:
ğŸ˜µâ€ğŸ’«,:face_with_spiral_eyes:,face with spiral eyes,é•·è‘—èºæ—‹çœ¼ç›çš„è‡‰,:æ™•:
ğŸ˜¤,:face_with_steam_from_nose:,face with steam from nose,è‡‰ä¸Šæœ‰è’¸æ±½å¾é¼»å­è£¡å†’å‡ºä¾†,:å‚²æ…¢:
ğŸ¤¬,:face_with_symbols_on_mouth:,face with symbols on mouth,å˜´ä¸Šæœ‰ç¬¦è™Ÿçš„è‡‰,:å˜´ä¸Šæœ‰ç¬¦å·çš„è„¸:
ğŸ˜‚,:face_with_tears_of_joy:,face with tears of joy,æ»¿è‡‰å–œæ‚…çš„æ·šæ°´,:ç¬‘å“­äº†:
ğŸ¤’,:face_with_thermometer:,face with thermometer,é¢å°æº«åº¦è¨ˆ,:å‘çƒ§:
ğŸ˜›,:face_with_tongue:,face with tongue,ç”¨èˆŒé ­é¢å°,:åèˆŒ:
ğŸ˜¶,:face_without_mouth:,face without mouth,æ²’æœ‰å˜´å·´çš„è‡‰,:æ²‰é»˜:
ğŸ§š,:fairy:,fairy,ä»™å¥³,:ç²¾çµ:
ğŸ§šğŸ»,:fairy_light_skin_tone:,fairy light skin tone,ä»™å¥³èˆ¬çš„æ·ºè†šè‰²,:ç²¾çµ_è¾ƒæµ…è‚¤è‰²:
ğŸ§†,:falafel:,falafel,æ²™æ‹‰ä¸‰æ˜æ²»,:ç‚¸è±†ä¸¸å­:
ğŸ‚,:fallen_leaf:,fallen leaf,è½è‘‰,:è½å¶:
ğŸ‘¨â€ğŸ‘§,:family_man_girl:,family man girl,å®¶åº­ç”·äººå¥³å­©,:å®¶åº­_ç”·äººå¥³å­©:
ğŸ‘¨â€ğŸ‘©â€ğŸ‘¦,:family_man_woman_boy:,family man woman boy,å®¶åº­ç”·äººå¥³äººç”·å­©,:å®¶åº­_ç”·äººå¥³äººç”·å­©:
ğŸ‘¨â€ğŸ‘©â€ğŸ‘¦â€ğŸ‘¦,:family_man_woman_boy_boy:,family man woman boy boy,å®¶åº­ç”·äººå¥³äººç”·å­©ç”·å­©,:å®¶åº­_ç”·äººå¥³äººç”·å­©ç”·å­©:
ğŸ‘¨â€ğŸ‘©â€ğŸ‘§,:family_man_woman_girl:,family man woman girl,å®¶åº­ç”·äººå¥³äººå¥³å­©,:å®¶åº­_ç”·äººå¥³äººå¥³å­©:
ğŸ‘¨â€ğŸ‘©â€ğŸ‘§â€ğŸ‘¦,:family_man_woman_girl_boy:,family man woman girl boy,å®¶åº­ç”·äººå¥³äººå¥³å­©ç”·å­©,:å®¶åº­_ç”·äººå¥³äººå¥³å­©ç”·å­©:
ğŸ‘¨â€ğŸ‘©â€ğŸ‘§â€ğŸ‘§,:family_man_woman_girl_girl:,family man woman girl girl,å®¶åº­ç”·äººå¥³äººå¥³å­©å¥³å­©,:å®¶åº­_ç”·äººå¥³äººå¥³å­©å¥³å­©:
â©,:fast-forward_button:,fast-forward button,å¿«é€²æŒ‰éˆ•,:å¿«è¿›æŒ‰é’®:
â¬,:fast_down_button:,fast down button,å¿«é€Ÿä¸‹é™æŒ‰éˆ•,:å¿«é€Ÿä¸‹é™æŒ‰é’®:
ğŸ˜¨,:fearful_face:,fearful face,ææ‡¼çš„è‡‰,:å®³æ€•:
ğŸª¶,:feather:,feather,ç¾½æ¯›,:ç¾½æ¯›:
ğŸ¡,:ferris_wheel:,ferris wheel,æ‘©å¤©è¼ª,:æ‘©å¤©è½®:
ğŸ,:film_frames:,film frames,é›»å½±å¹€,:å½±ç‰‡å¸§:
ğŸ“½,:film_projector:,film projector,æ”¾æ˜ æ©Ÿ,:ç”µå½±æ”¾æ˜ æœº:
ğŸ”¥,:fire:,fire,ç«,:ç«ç„°:
ğŸš’,:fire_engine:,fire engine,æ¶ˆé˜²è»Š,:æ¶ˆé˜²è½¦:
ğŸ§¯,:fire_extinguisher:,fire extinguisher,æ»…ç«å™¨,:ç­ç«å™¨:
ğŸ§¨,:firecracker:,firecracker,é­ç‚®,:çˆ†ç«¹:
ğŸ†,:fireworks:,fireworks,ç…™èŠ±,:ç„°ç«:
ğŸŒ›,:first_quarter_moon_face:,first quarter moon face,ä¸Šå¼¦æœˆè‡‰,:å¾®ç¬‘çš„ä¸Šå¼¦æœˆ:
ğŸŸ,:fish:,fish,é­š,:é±¼:
ğŸ¥,:fish_cake_with_swirl:,fish cake with swirl,å¸¶æ¼©æ¸¦çš„é­šç³•,:é±¼æ¿:
ğŸ£,:fishing_pole:,fishing pole,é‡£é­šç«¿,:é’“é±¼ç«¿:
ğŸ•”,:five_oâ€™clock:,five oâ€™clock,äº”é»é˜,:äº”ç‚¹:
â›³,:flag_in_hole:,flag in hole,æ´ä¸­çš„æ——å¹Ÿ,:é«˜å°”å¤«çƒæ´:
ğŸ’ª,:flexed_biceps:,flexed biceps,å½æ›²çš„äºŒé ­è‚Œ,:è‚Œè‚‰:
ğŸ’ªğŸ»,:flexed_biceps_light_skin_tone:,flexed biceps light skin tone,å½æ›²çš„äºŒé ­è‚Œæ·ºè†šè‰²,:è‚Œè‚‰_è¾ƒæµ…è‚¤è‰²:
ğŸ’ªğŸ¼,:flexed_biceps_medium-light_skin_tone:,flexed biceps medium-light skin tone,å½æ›²çš„äºŒé ­è‚Œä¸­æ·ºè†šè‰²,:è‚Œè‚‰_ä¸­ç­‰æµ…è‚¤è‰²:
ğŸ’ªğŸ½,:flexed_biceps_medium_skin_tone:,flexed biceps medium skin tone,å½æ›²çš„äºŒé ­è‚Œä¸­ç­‰è†šè‰²,:è‚Œè‚‰_ä¸­ç­‰è‚¤è‰²:
ğŸ˜³,:flushed_face:,flushed face,è‡‰ç´…äº†,:è„¸çº¢:
ğŸ¥,:flying_disc:,flying disc,é£›ç›¤,:é£ç›˜:
ğŸ›¸,:flying_saucer:,flying saucer,é£›ç¢Ÿ,:é£ç¢Ÿ:
ğŸŒ«,:fog:,fog,å¤šéœ§è·¯æ®µ,:é›¾:
ğŸŒ,:foggy:,foggy,æœ‰éœ§,:æœ‰é›¾:
ğŸ™,:folded_hands:,folded hands,é›™æ‰‹åˆå,:åŒæ‰‹åˆå:
ğŸ™ğŸ»,:folded_hands_light_skin_tone:,folded hands light skin tone,é›™æ‰‹åˆå æ·ºè†šè‰²,:åŒæ‰‹åˆå_è¾ƒæµ…è‚¤è‰²:
ğŸ™ğŸ¾,:folded_hands_medium-dark_skin_tone:,folded hands medium-dark skin tone,é›™æ‰‹åˆå-ä¸­æ·±è†šè‰²,:åŒæ‰‹åˆå_ä¸­ç­‰æ·±è‚¤è‰²:
ğŸ™ğŸ¼,:folded_hands_medium-light_skin_tone:,folded hands medium-light skin tone,é›™æ‰‹åˆå ä¸­æ·ºè†šè‰²,:åŒæ‰‹åˆå_ä¸­ç­‰æµ…è‚¤è‰²:
ğŸ™ğŸ½,:folded_hands_medium_skin_tone:,folded hands medium skin tone,é›™æ‰‹åˆå ä¸­ç­‰è†šè‰²,:åŒæ‰‹åˆå_ä¸­ç­‰è‚¤è‰²:
ğŸ¦¶,:foot:,foot,è…³,:è„š:
ğŸ‘£,:footprints:,footprints,è…³å°,:è„šå°:
ğŸ´,:fork_and_knife:,fork and knife,åˆ€å‰,:åˆ€å‰:
ğŸ½ï¸,:fork_and_knife_with_plate:,fork and knife with plate,å¸¶ç›¤å­çš„åˆ€å‰,:é¤å…·:
ğŸ½,:fork_and_knife_with_plate:,fork and knife with plate,å¸¶ç›¤å­çš„åˆ€å‰,:é¤å…·:
ğŸ–‹,:fountain_pen:,fountain pen,é‹¼ç­†,:é’¢ç¬”:
ğŸ€,:four_leaf_clover:,four leaf clover,å››è‘‰è‰,:å››å¶è‰:
ğŸ•“,:four_oâ€™clock:,four oâ€™clock,å››é»é˜,:å››ç‚¹:
ğŸ¦Š,:fox:,fox,ç‹ç‹¸,:ç‹ç‹¸:
ğŸ–¼,:framed_picture:,framed picture,å¸¶æ¡†çš„åœ–ç‰‡,:å¸¦æ¡†çš„ç”»:
ğŸŸ,:french_fries:,french fries,ç‚¸è–¯æ¢,:è–¯æ¡:
ğŸ¤,:fried_shrimp:,fried shrimp,ç‚’è¦ä»,:å¤©å¦‡ç½—:
ğŸ¸,:frog:,frog,é’è›™,:é’è›™:
ğŸ¥,:front-facing_baby_chick:,front-facing baby chick,æ­£é¢å°é›,:æ­£é¢æœå‘çš„å°é¸¡:
â˜¹ï¸,:frowning_face:,frowning face,çšºçœ‰çš„è‡‰,:ä¸æ»¡:
ğŸ˜¦,:frowning_face_with_open_mouth:,frowning face with open mouth,çšºè‘—çœ‰é ­å¼µé–‹å˜´å·´,:å•Š:
â›½,:fuel_pump:,fuel pump,ç‡ƒæ²¹æ³µ,:æ²¹æ³µ:
ğŸŒ•,:full_moon:,full moon,æ»¿æœˆ,:æ»¡æœˆ:
ğŸŒ,:full_moon_face:,full moon face,æ»¿æœˆè‡‰,:å¾®ç¬‘çš„æœˆäº®:
ğŸ§„,:garlic:,garlic,è’œ,:è’œ:
ğŸ’,:gem_stone:,gem stone,å¯¶çŸ³,:å®çŸ³:
ğŸ‘»,:ghost:,ghost,é¬¼,:é¬¼:
ğŸ¦’,:giraffe:,giraffe,é•·é ¸é¹¿,:é•¿é¢ˆé¹¿:
ğŸ‘§,:girl:,girl,å¥³å­©,:å¥³å­©:
ğŸ‘§ğŸ»,:girl_light_skin_tone:,girl light skin tone,å¥³å­©æ·ºè†šè‰²,:å¥³å­©_è¾ƒæµ…è‚¤è‰²:
ğŸ¥›,:glass_of_milk:,glass of milk,ä¸€æ¯ç‰›å¥¶,:ä¸€æ¯å¥¶:
ğŸ‘“,:glasses:,glasses,çœ¼é¡,:çœ¼é•œ:
ğŸŒ,:globe_showing_Asia-Australia:,globe showing Asia-Australia,é¡¯ç¤ºäºæ´²-æ¾³å¤§åˆ©äºçš„åœ°çƒå„€,:åœ°çƒä¸Šçš„äºšæ´²æ¾³æ´²:
ğŸŒ,:globe_showing_Europe-Africa:,globe showing Europe-Africa,é¡¯ç¤ºæ­æ´²-éæ´²çš„åœ°çƒå„€,:åœ°çƒä¸Šçš„æ¬§æ´²éæ´²:
ğŸ§¤,:gloves:,gloves,æ‰‹å¥—,:æ‰‹å¥—:
ğŸŒŸ,:glowing_star:,glowing star,ç™¼å…‰çš„æ˜Ÿæ˜Ÿ,:é—ªäº®çš„æ˜Ÿæ˜Ÿ:
ğŸ,:goat:,goat,å±±ç¾Š,:å±±ç¾Š:
ğŸ‘º,:goblin:,goblin,åœ°ç²¾,:å°å¦–ç²¾:
ğŸ¦,:gorilla:,gorilla,å¤§çŒ©çŒ©,:å¤§çŒ©çŒ©:
ğŸ“,:graduation_cap:,graduation cap,ç•¢æ¥­å¸½,:æ¯•ä¸šå¸½:
ğŸ‡,:grapes:,grapes,è‘¡è„,:è‘¡è„:
ğŸ,:green_apple:,green apple,é’è˜‹æœ,:é’è‹¹æœ:
ğŸ“—,:green_book:,green book,ç¶ çš®æ›¸,:ç»¿è‰²ä¹¦æœ¬:
ğŸŸ¢,:green_circle:,green circle,ç¶ è‰²åœ“åœˆ,:ç»¿è‰²åœ†:
ğŸ’š,:green_heart:,green heart,ç¶ å¿ƒ,:ç»¿å¿ƒ:
ğŸ¥—,:green_salad:,green salad,ç¶ è‰²çš„æ²™æ‹‰,:ç»¿è‰²æ²™æ‹‰:
ğŸ˜¬,:grimacing_face:,grimacing face,é¬¼è‡‰,:é¾‡ç‰™å’§å˜´:
ğŸ˜º,:grinning_cat:,grinning cat,å’§è‘—å˜´ç¬‘çš„è²“,:å¤§ç¬‘çš„çŒ«:
ğŸ˜¸,:grinning_cat_with_smiling_eyes:,grinning cat with smiling eyes,å¾®ç¬‘çš„çœ¼ç›å’§å˜´ç¬‘çš„è²“,:å¾®ç¬‘çš„çŒ«:
ğŸ˜€,:grinning_face:,grinning face,ç¬‘è‡‰,:å˜¿å˜¿:
ğŸ˜ƒ,:grinning_face_with_big_eyes:,grinning face with big eyes,å¤§çœ¼ç›ç¬‘è‡‰,:å“ˆå“ˆ:
ğŸ˜„,:grinning_face_with_smiling_eyes:,grinning face with smiling eyes,ç¬‘å®¹æ»¿é¢çš„çœ¼ç›,:å¤§ç¬‘:
ğŸ˜…,:grinning_face_with_sweat:,grinning face with sweat,æ±—æµæµ¹èƒŒçš„ç¬‘è‡‰,:è‹¦ç¬‘:
ğŸ˜†,:grinning_squinting_face:,grinning squinting face,å’§è‘—å˜´ç¬‘çš„è‡‰,:æ–œçœ¼ç¬‘:
ğŸ’—,:growing_heart:,growing heart,æˆé•·çš„å¿ƒ,:æåŠ¨çš„å¿ƒ:
ğŸ’‚,:guard:,guard,è­¦è¡›,:å«å…µ:
ğŸ”,:hamburger:,hamburger,æ¼¢å ¡åŒ…,:æ±‰å ¡:
ğŸ”¨,:hammer:,hammer,éŒ˜å­,:é”¤å­:
ğŸ¹,:hamster:,hamster,å€‰é¼ ,:ä»“é¼ :
ğŸ–ï¸,:hand_with_fingers_splayed:,hand with fingers splayed,å¼µé–‹æ‰‹æŒ‡çš„æ‰‹,:æ‰‹æŒ:
ğŸ–,:hand_with_fingers_splayed:,hand with fingers splayed,å¼µé–‹æ‰‹æŒ‡çš„æ‰‹,:æ‰‹æŒ:
ğŸ–ğŸ»,:hand_with_fingers_splayed_light_skin_tone:,hand with fingers splayed light skin tone,æ‰‹æŒ‡å¼µé–‹çš„æ‰‹æ·ºè†šè‰²,:æ‰‹æŒ_è¾ƒæµ…è‚¤è‰²:
ğŸ«°ğŸ»,:hand_with_index_finger_and_thumb_crossed_light_skin_tone:,hand with index finger and thumb crossed light skin tone,é£ŸæŒ‡å’Œæ‹‡æŒ‡äº¤å‰çš„æ‰‹ æ·ºè†šè‰²,
ğŸ«°ğŸ¾,:hand_with_index_finger_and_thumb_crossed_medium-dark_skin_tone:,hand with index finger and thumb crossed medium-dark skin tone,é£ŸæŒ‡å’Œæ‹‡æŒ‡äº¤å‰çš„æ‰‹ä¸­æ·±è†šè‰²,
ğŸ‘œ,:handbag:,handbag,æ‰‹æåŒ…,:æ‰‹æåŒ…:
ğŸ¤,:handshake:,handshake,æ¡æ‰‹,:æ¡æ‰‹:
ğŸ£,:hatching_chick:,hatching chick,å­µåŒ–å°é›,:å°é¸¡ç ´å£³:
ğŸ§,:headphone:,headphone,è€³æ©Ÿ,:è€³æœº:
ğŸ™‰,:hear-no-evil_monkey:,hear-no-evil monkey,ä¸è½é‚ªè¨€çš„çŒ´å­,:éç¤¼å‹¿å¬:
ğŸ’Ÿ,:heart_decoration:,heart decoration,å¿ƒå½¢è£é£¾,:å¿ƒå‹è£…é¥°:
â£ï¸,:heart_exclamation:,heart exclamation,å¿ƒé©šå‘¼,:å¿ƒå¹å·:
â£,:heart_exclamation:,heart exclamation,å¿ƒé©šå‘¼,:å¿ƒå¹å·:
ğŸ«¶,:heart_hands:,heart hands,å¿ƒæ‰‹,:åšæˆå¿ƒå½¢çš„åŒæ‰‹:
ğŸ«¶ğŸ¿,:heart_hands_dark_skin_tone:,heart hands dark skin tone,å¿ƒå½¢æ‰‹æ·±è‰²è†šè‰²,
ğŸ«¶ğŸ»,:heart_hands_light_skin_tone:,heart hands light skin tone,å¿ƒå½¢æ‰‹æ·ºè†šè‰²,
ğŸ«¶ğŸ¾,:heart_hands_medium-dark_skin_tone:,heart hands medium-dark skin tone,å¿ƒå½¢æ‰‹ä¸­æ·±è†šè‰²,
â¤ï¸â€ğŸ”¥,:heart_on_fire:,heart on fire,å¿ƒè‡Ÿè‘—ç«,:ç«ä¸Šä¹‹å¿ƒ:
â™¥ï¸,:heart_suit:,heart suit,å¿ƒå¥—è£,:çº¢æ¡ƒ:
â™¥,:heart_suit:,heart suit,å¿ƒå¥—è£,:çº¢æ¡ƒ:
ğŸ’˜,:heart_with_arrow:,heart with arrow,å¸¶ç®­é ­çš„å¿ƒ,:å¿ƒä¸­ç®­äº†:
ğŸ’,:heart_with_ribbon:,heart with ribbon,å¸¶çµ²å¸¶çš„å¿ƒ,:ç³»æœ‰ç¼å¸¦çš„å¿ƒ:
ğŸ’²,:heavy_dollar_sign:,heavy dollar sign,æ²‰é‡çš„ç¾å…ƒç¬¦è™Ÿ,:ç²—ç¾å…ƒç¬¦å·:
ğŸ¦”,:hedgehog:,hedgehog,åˆºçŒ¬,:åˆºçŒ¬:
ğŸš,:helicopter:,helicopter,ç›´å‡æ©Ÿ,:ç›´å‡æœº:
ğŸŒ¿,:herb:,herb,è‰æœ¬æ¤ç‰©,:è¯è‰:
ğŸŒº,:hibiscus:,hibiscus,æœ¨æ§¿,:èŠ™è“‰:
ğŸ‘ ,:high-heeled_shoe:,high-heeled shoe,é«˜è·Ÿé‹,:é«˜è·Ÿé‹:
ğŸš„,:high-speed_train:,high-speed train,é«˜é€Ÿç«è»Š,:é«˜é€Ÿåˆ—è½¦:
âš¡,:high_voltage:,high voltage,é«˜å£“,:é«˜å‹:
ğŸ¥¾,:hiking_boot:,hiking boot,ç™»å±±é´,:ç™»å±±é‹:
ğŸ›•,:hindu_temple:,hindu temple,å°åº¦æ•™å¯ºå»Ÿ,:å°åº¦å¯ºåº™:
ğŸ¦›,:hippopotamus:,hippopotamus,æ²³é¦¬,:æ²³é©¬:
ğŸ•³ï¸,:hole:,hole,æ´,:æ´:
â­•,:hollow_red_circle:,hollow red circle,ç©ºå¿ƒç´…åœˆ,:çº¢è‰²ç©ºå¿ƒåœ†åœˆ:
ğŸ¯,:honey_pot:,honey pot,èœœç½,:èœ‚èœœ:
ğŸ,:honeybee:,honeybee,èœœèœ‚,:èœœèœ‚:
ğŸ,:horse:,horse,é¦¬,:é©¬:
ğŸ¥,:hospital:,hospital,é†«é™¢,:åŒ»é™¢:
â˜•,:hot_beverage:,hot beverage,ç†±é£²,:çƒ­é¥®:
ğŸ¥µ,:hot_face:,hot face,ç‡™è‡‰,:è„¸å‘çƒ§:
ğŸŒ¶ï¸,:hot_pepper:,hot pepper,è¾£æ¤’,:çº¢è¾£æ¤’:
ğŸŒ¶,:hot_pepper:,hot pepper,è¾£æ¤’,:çº¢è¾£æ¤’:
â™¨ï¸,:hot_springs:,hot springs,æº«æ³‰,:æ¸©æ³‰:
â™¨,:hot_springs:,hot springs,æº«æ³‰,:æ¸©æ³‰:
âŒ›,:hourglass_done:,hourglass done,æ²™æ¼å®Œæˆ,:æ²™æ¼:
â³,:hourglass_not_done:,hourglass not done,æ²™æ¼æœªå®Œæˆ,:æ²™æ­£å¾€ä¸‹æµçš„æ²™æ¼:
ğŸ ,:house:,house,æˆ¿å­,:æˆ¿å­:
ğŸ¡,:house_with_garden:,house with garden,å¸¶èŠ±åœ’çš„æˆ¿å­,:åˆ«å¢…:
ğŸ’¯,:hundred_points:,hundred points,ç™¾åˆ†,:ä¸€ç™¾åˆ†:
ğŸ˜¯,:hushed_face:,hushed face,æ²‰é»˜çš„è‡‰,:ç¼„é»˜:
ğŸ§Š,:ice:,ice,å†°,:å†°å—:
â˜ï¸,:index_pointing_up:,index pointing up,æŒ‡æ•¸å‘ä¸Š,:é£ŸæŒ‡å‘ä¸ŠæŒ‡:
â˜ğŸ»,:index_pointing_up_light_skin_tone:,index pointing up light skin tone,æŒ‡æ•¸æœä¸Šæ·ºè†šè‰²,:é£ŸæŒ‡å‘ä¸ŠæŒ‡_è¾ƒæµ…è‚¤è‰²:
â˜ğŸ¼,:index_pointing_up_medium-light_skin_tone:,index pointing up medium-light skin tone,æŒ‡æ•¸æœä¸Š ä¸­æ·ºè†šè‰²,:é£ŸæŒ‡å‘ä¸ŠæŒ‡_ä¸­ç­‰æµ…è‚¤è‰²:
â„¹ï¸,:information:,information,ä¿¡æ¯,:ä¿¡æ¯:
ğŸƒ,:jack-o-lantern:,jack-o-lantern,å—ç“œç‡ˆ,:å—ç“œç¯:
ğŸ‘–,:jeans:,jeans,ç‰›ä»”è¤²,:ç‰›ä»”è£¤:
ğŸƒ,:joker:,joker,å°ä¸‘,:å¤§å°ç‹:
âŒ¨ï¸,:keyboard:,keyboard,éµç›¤,:é”®ç›˜:
*ï¸âƒ£,:keycap_*:,keycap *,éµå¸½*,:æŒ‰é”®_*:
0ï¸âƒ£,:keycap_0:,keycap 0,éµå¸½ 0,:æŒ‰é”®_0:
1ï¸âƒ£,:keycap_1:,keycap 1,éµå¸½1,:æŒ‰é”®_1:
1âƒ£,:keycap_1:,keycap 1,éµå¸½1,
ğŸ”Ÿ,:keycap_10:,keycap 10,éµå¸½ 10,:æŒ‰é”®_10:
2ï¸âƒ£,:keycap_2:,keycap 2,éµå¸½2,:æŒ‰é”®_2:
2âƒ£,:keycap_2:,keycap 2,éµå¸½2,
3ï¸âƒ£,:keycap_3:,keycap 3,éµå¸½3,:æŒ‰é”®_3:
3âƒ£,:keycap_3:,keycap 3,éµå¸½3,
4ï¸âƒ£,:keycap_4:,keycap 4,éµå¸½4,:æŒ‰é”®_4:
4âƒ£,:keycap_4:,keycap 4,éµå¸½4,
5ï¸âƒ£,:keycap_5:,keycap 5,éµå¸½ 5,:æŒ‰é”®_5:
5âƒ£,:keycap_5:,keycap 5,éµå¸½ 5,
6ï¸âƒ£,:keycap_6:,keycap 6,éµå¸½ 6,:æŒ‰é”®_6:
6âƒ£,:keycap_6:,keycap 6,éµå¸½ 6,
7ï¸âƒ£,:keycap_7:,keycap 7,éµå¸½ 7,:æŒ‰é”®_7:
7âƒ£,:keycap_7:,keycap 7,éµå¸½ 7,
8ï¸âƒ£,:keycap_8:,keycap 8,éµå¸½8,:æŒ‰é”®_8:
8âƒ£,:keycap_8:,keycap 8,éµå¸½8,
9ï¸âƒ£,:keycap_9:,keycap 9,éµå¸½ 9,:æŒ‰é”®_9:
ğŸ‘˜,:kimono:,kimono,å’Œæœ,:å’Œæœ:
ğŸ’,:kiss:,kiss,å»,:äº²å»:
ğŸ’‹,:kiss_mark:,kiss mark,å»ç—•,:å”‡å°:
ğŸ‘©â€â¤ï¸â€ğŸ’‹â€ğŸ‘¨,:kiss_woman_man:,kiss woman man,è¦ªå»å¥³äººç”·äºº,:äº²å»_å¥³äººç”·äºº:
ğŸ˜½,:kissing_cat:,kissing cat,æ¥å»è²“,:äº²äº²çŒ«:
ğŸ˜—,:kissing_face:,kissing face,è¦ªè‡‰,:äº²äº²:
ğŸ˜š,:kissing_face_with_closed_eyes:,kissing face with closed eyes,é–‰è‘—çœ¼ç›è¦ªå»è‡‰,:ç¾æ¶©äº²äº²:
ğŸ˜™,:kissing_face_with_smiling_eyes:,kissing face with smiling eyes,ç”¨å¾®ç¬‘çš„çœ¼ç›è¦ªå»è‡‰,:å¾®ç¬‘äº²äº²:
ğŸ”ª,:kitchen_knife:,kitchen knife,èœåˆ€,:èœåˆ€:
ğŸª,:kite:,kite,é¢¨ç®,:é£ç­:
ğŸ¥,:kiwi_fruit:,kiwi fruit,å¥‡ç•°æœ,:çŒ•çŒ´æ¡ƒ:
ğŸª¢,:knot:,knot,çµ,:ç»“:
ğŸ¨,:koala:,koala,è€ƒæ‹‰,:è€ƒæ‹‰:
ğŸ¥¼,:lab_coat:,lab coat,å¯¦é©—å·¥ä½œæœ,:ç™½å¤§è¤‚:
ğŸ·ï¸,:label:,label,æ¨™ç±¤,:æ ‡ç­¾:
ğŸ·,:label:,label,æ¨™ç±¤,:æ ‡ç­¾:
ğŸ’»,:laptop:,laptop,ç­†è¨˜æœ¬é›»è…¦,:ç¬”è®°æœ¬ç”µè„‘:
ğŸ”·,:large_blue_diamond:,large blue diamond,å¤§è—é‘½,:è“è‰²å¤§è±å½¢:
ğŸ”¶,:large_orange_diamond:,large orange diamond,å¤§æ©™è‰²é‘½çŸ³,:æ©™è‰²å¤§è±å½¢:
ğŸŒ—,:last_quarter_moon:,last quarter moon,ä¸Šå¼¦æœˆ,:ä¸‹å¼¦æœˆ:
ğŸƒ,:leaf_fluttering_in_wind:,leaf fluttering in wind,è‘‰å­åœ¨é¢¨ä¸­é£„æš,:é£å¹å¶è½:
ğŸ¥¬,:leafy_green:,leafy green,ç¶ è‘‰,:ç»¿å¶è”¬èœ:
ğŸ“’,:ledger:,ledger,è³¬æœ¬,:è´¦æœ¬:
ğŸ¤›ğŸ»,:left-facing_fist_light_skin_tone:,left-facing fist light skin tone,æœå·¦çš„æ‹³é ­æ·ºè†šè‰²,:æœå·¦çš„æ‹³å¤´_è¾ƒæµ…è‚¤è‰²:
ğŸ¤›ğŸ¼,:left-facing_fist_medium-light_skin_tone:,left-facing fist medium-light skin tone,å·¦æ‰‹æ¡æ‹³ä¸­æ·ºè†šè‰²,:æœå·¦çš„æ‹³å¤´_ä¸­ç­‰æµ…è‚¤è‰²:
â¬…ï¸,:left_arrow:,left arrow,å·¦ç®­é ­,:å‘å·¦ç®­å¤´:
ğŸ¦µ,:leg:,leg,è…¿,:è…¿:
ğŸ¦µğŸ»,:leg_light_skin_tone:,leg light skin tone,è…¿éƒ¨æ·ºè†šè‰²,:è…¿_è¾ƒæµ…è‚¤è‰²:
ğŸ‹,:lemon:,lemon,æª¸æª¬,:æŸ æª¬:
ğŸ†,:leopard:,leopard,è±¹,:è±¹å­:
ğŸ’¡,:light_bulb:,light bulb,ç‡ˆæ³¡,:ç¯æ³¡:
ğŸ”—,:link:,link,é—œè¯,:é“¾æ¥:
ğŸ¦,:lion:,lion,ç…å­,:ç‹®å­:
ğŸ’„,:lipstick:,lipstick,å£ç´…,:å”‡è†:
ğŸ¦™,:llama:,llama,é§±é§,:ç¾æ´²é¸µ:
ğŸ¦,:lobster:,lobster,é¾è¦,:é¾™è™¾:
ğŸš‚,:locomotive:,locomotive,æ©Ÿè»Š,:è’¸æ±½ç«è½¦:
ğŸ­,:lollipop:,lollipop,æ£’ç³–,:æ£’æ£’ç³–:
ğŸ§´,:lotion_bottle:,lotion bottle,ä¹³æ¶²ç“¶,:ä¹³æ¶²ç“¶:
ğŸ˜­,:loudly_crying_face:,loudly crying face,å¤§è²å“­æ³£çš„è‡‰,:æ”¾å£°å¤§å“­:
ğŸ“¢,:loudspeaker:,loudspeaker,å–‡å­,:å–‡å­:
ğŸ¤Ÿ,:love-you_gesture:,love-you gesture,æ„›ä½ çš„æ‰‹å‹¢,:çˆ±ä½ çš„æ‰‹åŠ¿:
ğŸ¤ŸğŸ»,:love-you_gesture_light_skin_tone:,love-you gesture light skin tone,æ„›ä½ çš„æ‰‹å‹¢æ·ºè†šè‰²,:çˆ±ä½ çš„æ‰‹åŠ¿_è¾ƒæµ…è‚¤è‰²:
ğŸ¤ŸğŸ¼,:love-you_gesture_medium-light_skin_tone:,love-you gesture medium-light skin tone,æ„›ä½ çš„æ‰‹å‹¢ä¸­æ·ºè†šè‰²,:çˆ±ä½ çš„æ‰‹åŠ¿_ä¸­ç­‰æµ…è‚¤è‰²:
ğŸ¤ŸğŸ½,:love-you_gesture_medium_skin_tone:,love-you gesture medium skin tone,æ„›ä½ çš„æ‰‹å‹¢ä¸­ç­‰è†šè‰²,:çˆ±ä½ çš„æ‰‹åŠ¿_ä¸­ç­‰è‚¤è‰²:
ğŸ’Œ,:love_letter:,love letter,æ„›æƒ…ä¿¡,:æƒ…ä¹¦:
ğŸ§³,:luggage:,luggage,è¡Œæ,:è¡Œæç®±:
ğŸ§™ğŸ»,:mage_light_skin_tone:,mage light skin tone,æ³•å¸«æ·ºè†šè‰²,:æ³•å¸ˆ_è¾ƒæµ…è‚¤è‰²:
ğŸª„,:magic_wand:,magic wand,é­”æ³•æ£’,:é­”æ£’:
ğŸ”,:magnifying_glass_tilted_left:,magnifying glass tilted left,æ”¾å¤§é¡å‘å·¦å‚¾æ–œ,:å·¦æ–œçš„æ”¾å¤§é•œ:
ğŸ”,:magnifying_glass_tilted_right:,magnifying glass tilted right,æ”¾å¤§é¡å‘å³å‚¾æ–œ,:å³æ–œçš„æ”¾å¤§é•œ:
ğŸ€„,:mahjong_red_dragon:,mahjong red dragon,éº»å°‡ç´…é¾,:çº¢ä¸­:
ğŸ‘¨,:man:,man,ç”·äºº,:ç”·äºº:
ğŸ‘¨â€ğŸ¨,:man_artist:,man artist,ç”·è—è¡“å®¶,:ç”·è‰ºæœ¯å®¶:
ğŸ‘¨â€ğŸš€,:man_astronaut:,man astronaut,å®‡èˆªå“¡,:ç”·å®‡èˆªå‘˜:
ğŸ‘±â€â™‚ï¸,:man_blond_hair:,man blond hair,ç”·äººé‡‘ç™¼,:é‡‘å‘ç”·:
ğŸ™‡â€â™‚ï¸,:man_bowing:,man bowing,ç”·å­é èº¬,:ç”·ç”Ÿé èº¬:
ğŸ™‡ğŸ»â€â™‚ï¸,:man_bowing_light_skin_tone:,man bowing light skin tone,é èº¬çš„ç”·äººæ·ºè†šè‰²,:ç”·ç”Ÿé èº¬_è¾ƒæµ…è‚¤è‰²:
ğŸ™‡ğŸ¼â€â™‚ï¸,:man_bowing_medium-light_skin_tone:,man bowing medium-light skin tone,é èº¬çš„ç”·äººä¸­æ·ºè†šè‰²,:ç”·ç”Ÿé èº¬_ä¸­ç­‰æµ…è‚¤è‰²:
ğŸ¤¸â€â™‚ï¸,:man_cartwheeling:,man cartwheeling,ç”·äººå´æ‰‹ç¿»,:ç”·ç”Ÿä¾§æ‰‹ç¿»:
ğŸ¤¸ğŸ»â€â™‚ï¸,:man_cartwheeling_light_skin_tone:,man cartwheeling light skin tone,ç”·äººå´æ‰‹ç¿»è¼ƒæ·ºè†šè‰²,:ç”·ç”Ÿä¾§æ‰‹ç¿»_è¾ƒæµ…è‚¤è‰²:
ğŸ§—â€â™‚ï¸,:man_climbing:,man climbing,ç”·å­æ”€ç™»,:æ”€çˆ¬çš„ç”·äºº:
ğŸ‘¨â€ğŸ³,:man_cook:,man cook,ç”·å»šå¸«,:ç”·å¨å¸ˆ:
ğŸ•º,:man_dancing:,man dancing,ç”·äººè·³èˆ,:è·³èˆçš„ç”·äºº:
ğŸ•ºğŸ»,:man_dancing_light_skin_tone:,man dancing light skin tone,è·³èˆçš„ç”·äººæ·ºè†šè‰²,:è·³èˆçš„ç”·äºº_è¾ƒæµ…è‚¤è‰²:
ğŸ•ºğŸ¼,:man_dancing_medium-light_skin_tone:,man dancing medium-light skin tone,è·³èˆçš„ç”·äººä¸­æ·ºè†šè‰²,:è·³èˆçš„ç”·äºº_ä¸­ç­‰æµ…è‚¤è‰²:
ğŸ‘¨ğŸ¿,:man_dark_skin_tone:,man dark skin tone,ç”·äººæ·±è‰²è†šè‰²,:ç”·äºº_è¾ƒæ·±è‚¤è‰²:
ğŸ¤¦â€â™‚ï¸,:man_facepalming:,man facepalming,ç”·äººæ‚è‡‰,:ç”·ç”Ÿæ‚è„¸:
ğŸ¤¦ğŸ»â€â™‚ï¸,:man_facepalming_light_skin_tone:,man facepalming light skin tone,ç”·äººæ‚è‡‰æ·ºè†šè‰²,:ç”·ç”Ÿæ‚è„¸_è¾ƒæµ…è‚¤è‰²:
ğŸ¤¦ğŸ¼â€â™‚ï¸,:man_facepalming_medium-light_skin_tone:,man facepalming medium-light skin tone,ç”·äººæ‚è‡‰ä¸­æ·ºè†šè‰²,:ç”·ç”Ÿæ‚è„¸_ä¸­ç­‰æµ…è‚¤è‰²:
ğŸ¤¦ğŸ½â€â™‚ï¸,:man_facepalming_medium_skin_tone:,man facepalming medium skin tone,ç”·äººæ‚è‡‰ä¸­ç­‰è†šè‰²,:ç”·ç”Ÿæ‚è„¸_ä¸­ç­‰è‚¤è‰²:
ğŸ§šğŸ»â€â™‚ï¸,:man_fairy_light_skin_tone:,man fairy light skin tone,ç”·ä»™å¥³æ·ºè†šè‰²,:ä»™äºº_è¾ƒæµ…è‚¤è‰²:
ğŸ™â€â™‚ï¸,:man_frowning:,man frowning,ç”·äººçšºè‘—çœ‰é ­,:çš±çœ‰ç”·:
ğŸ™…â€â™‚ï¸,:man_gesturing_NO:,man gesturing NO,ç”·äººæ‰“æ‰‹å‹¢ä¸,:ç¦æ­¢æ‰‹åŠ¿ç”·:
ğŸ™†â€â™‚ï¸,:man_gesturing_OK:,man gesturing OK,ç”·äººæ‰“æ‰‹å‹¢ OK,:OKæ‰‹åŠ¿ç”·:
ğŸ™†ğŸ»â€â™‚ï¸,:man_gesturing_OK_light_skin_tone:,man gesturing OK light skin tone,ç”·äººæ‰“æ‰‹å‹¢ OK æ·ºè†šè‰²,:OKæ‰‹åŠ¿ç”·_è¾ƒæµ…è‚¤è‰²:
ğŸ™†ğŸ½â€â™‚ï¸,:man_gesturing_OK_medium_skin_tone:,man gesturing OK medium skin tone,ç”·äººåš OK æ‰‹å‹¢ ä¸­ç­‰è†šè‰²,:OKæ‰‹åŠ¿ç”·_ä¸­ç­‰è‚¤è‰²:
ğŸ‘¨â€âš•ï¸,:man_health_worker:,man health worker,ç”·ä¿å¥å“¡,:ç”·åŒ»ç”Ÿ:
ğŸ¤¹â€â™‚ï¸,:man_juggling:,man juggling,ç”·å­é›œè€,:ç”·ç”ŸæŠ›æ¥æ‚è€:
ğŸ‹â€â™‚ï¸,:man_lifting_weights:,man lifting weights,ç”·å­èˆ‰é‡,:ç”·ç”Ÿä¸¾é‡:
ğŸ‘¨ğŸ»,:man_light_skin_tone:,man light skin tone,ç”·äººæ·ºè†šè‰²,:ç”·äºº_è¾ƒæµ…è‚¤è‰²:
ğŸ‘¨ğŸ»â€ğŸ¦³,:man_light_skin_tone_white_hair:,man light skin tone white hair,ç”·äººæ·ºè†šè‰²ç™½é ­é«®,:ç”·äºº_è¾ƒæµ…è‚¤è‰²ç™½å‘:
ğŸ‘¨ğŸ»â€âœˆï¸,:man_pilot_light_skin_tone:,man pilot light skin tone,ç”·é£›è¡Œå“¡æ·ºè†šè‰²,:ç”·é£è¡Œå‘˜_è¾ƒæµ…è‚¤è‰²:
ğŸ™â€â™‚ï¸,:man_pouting:,man pouting,å™˜å˜´çš„ç”·äºº,:æ’…å˜´ç”·:
ğŸ™ğŸ»â€â™‚ï¸,:man_pouting_light_skin_tone:,man pouting light skin tone,ç”·äººå™˜å˜´ æ·ºè†šè‰²,:æ’…å˜´ç”·_è¾ƒæµ…è‚¤è‰²:
ğŸ™ğŸ¼â€â™‚ï¸,:man_pouting_medium-light_skin_tone:,man pouting medium-light skin tone,å™˜å˜´çš„ç”·äººä¸­æ·ºè†šè‰²,:æ’…å˜´ç”·_ä¸­ç­‰æµ…è‚¤è‰²:
ğŸ™‹â€â™‚ï¸,:man_raising_hand:,man raising hand,èˆ‰æ‰‹çš„äºº,:ç”·ç”Ÿä¸¾æ‰‹:
ğŸ™‹ğŸ¿â€â™‚ï¸,:man_raising_hand_dark_skin_tone:,man raising hand dark skin tone,èˆ‰æ‰‹çš„ç”·äººæ·±è‰²è†šè‰²,:ç”·ç”Ÿä¸¾æ‰‹_è¾ƒæ·±è‚¤è‰²:
ğŸ™‹ğŸ»â€â™‚ï¸,:man_raising_hand_light_skin_tone:,man raising hand light skin tone,èˆ‰æ‰‹çš„ç”·äººæ·ºè†šè‰²,:ç”·ç”Ÿä¸¾æ‰‹_è¾ƒæµ…è‚¤è‰²:
ğŸƒâ€â™‚ï¸,:man_running:,man running,è·‘æ­¥çš„äºº,:ç”·ç”Ÿè·‘æ­¥:
ğŸƒğŸ»â€â™‚ï¸,:man_running_light_skin_tone:,man running light skin tone,è·‘æ­¥çš„ç”·äººæ·ºè†šè‰²,:ç”·ç”Ÿè·‘æ­¥_è¾ƒæµ…è‚¤è‰²:
ğŸ‘¨ğŸ»â€ğŸ”¬,:man_scientist_light_skin_tone:,man scientist light skin tone,ç”·ç§‘å­¸å®¶æ·ºè†šè‰²,:ç”·ç§‘å­¦å®¶_è¾ƒæµ…è‚¤è‰²:
ğŸ¤·â€â™‚ï¸,:man_shrugging:,man shrugging,ç”·äººè³è‚©,:ç”·ç”Ÿè€¸è‚©:
ğŸ¤·ğŸ»â€â™‚ï¸,:man_shrugging_light_skin_tone:,man shrugging light skin tone,ç”·äººè³è‚©æ·ºè†šè‰²,:ç”·ç”Ÿè€¸è‚©_è¾ƒæµ…è‚¤è‰²:
ğŸ¤·ğŸ½â€â™‚ï¸,:man_shrugging_medium_skin_tone:,man shrugging medium skin tone,ç”·äººè³è‚©ä¸­ç­‰è†šè‰²,:ç”·ç”Ÿè€¸è‚©_ä¸­ç­‰è‚¤è‰²:
ğŸ§ğŸ¼â€â™‚ï¸,:man_standing_medium-light_skin_tone:,man standing medium-light skin tone,ç«™è‘—çš„ç”·äººä¸­æ·ºè†šè‰²,:ç«™ç«‹çš„ç”·äºº_ä¸­ç­‰æµ…è‚¤è‰²:
ğŸ’ğŸ»â€â™‚ï¸,:man_tipping_hand_light_skin_tone:,man tipping hand light skin tone,ç”·äººå‚¾æ–œæ‰‹æ·ºè†šè‰²,:å‰å°ç”·_è¾ƒæµ…è‚¤è‰²:
ğŸš¶ğŸ»â€â™‚ï¸,:man_walking_light_skin_tone:,man walking light skin tone,èµ°è·¯çš„ç”·äººæ·ºè†šè‰²,:ç”·è¡Œäºº_è¾ƒæµ…è‚¤è‰²:
ğŸ‘¨â€ğŸ¦³,:man_white_hair:,man white hair,ç”·äººç™½é ­é«®,:ç”·äºº_ç™½å‘:
ğŸ§Ÿâ€â™‚,:man_zombie:,man zombie,äººæ®­å±,:ç”·åƒµå°¸:
ğŸ¥­,:mango:,mango,èŠ’æœ,:èŠ’æœ:
ğŸ•°,:mantelpiece_clock:,mantelpiece clock,å£çˆé˜,:åº§é’Ÿ:
ğŸ,:maple_leaf:,maple leaf,æ¥“è‘‰,:æ«å¶:
ğŸ¥‹,:martial_arts_uniform:,martial arts uniform,æ­¦è¡“æœ,:ç»ƒæ­¦æœ:
ğŸ–,:meat_on_bone:,meat on bone,éª¨é ­ä¸Šçš„è‚‰,:æ’éª¨:
ğŸ¦¾,:mechanical_arm:,mechanical arm,æ©Ÿæ¢°è‡‚,:æœºæ¢°æ‰‹è‡‚:
ğŸ¦¿,:mechanical_leg:,mechanical leg,æ©Ÿæ¢°è…¿,:æœºæ¢°è…¿:
ğŸ¼,:medium-light_skin_tone:,medium-light skin tone,ä¸­æ·ºè†šè‰²,:ä¸­ç­‰æµ…è‚¤è‰²:
ğŸ“£,:megaphone:,megaphone,æ“´éŸ³å™¨,:æ‰©éŸ³å™¨:
ğŸˆ,:melon:,melon,ç“œ,:ç”œç“œ:
ğŸ« ,:melting_face:,melting face,èåŒ–çš„è‡‰,:èåŒ–:
ğŸ“,:memo:,memo,å‚™å¿˜éŒ„,:å¤‡å¿˜å½•:
ğŸ‘¬,:men_holding_hands:,men holding hands,æ‰‹ç‰½è‘—æ‰‹çš„ç”·äºº,:æ‰‹æ‹‰æ‰‹çš„ä¸¤ä¸ªç”·äºº:
ğŸ‘¬ğŸ»,:men_holding_hands_light_skin_tone:,men holding hands light skin tone,æ‰‹æ‹‰æ‰‹çš„ç”·å£«æ·ºè†šè‰²,:æ‰‹æ‹‰æ‰‹çš„ä¸¤ä¸ªç”·äºº_è¾ƒæµ…è‚¤è‰²:
ğŸ‘¯â€â™‚ï¸,:men_with_bunny_ears:,men with bunny ears,å…”å­è€³æœµçš„ç”·äºº,:å…”å…ˆç”Ÿ:
ğŸš¹,:menâ€™s_room:,menâ€™s room,ç”·å»æ‰€,:ç”·å•:
ğŸ§œâ€â™€ï¸,:mermaid:,mermaid,ç¾äººé­š,:ç¾äººé±¼:
ğŸ§œğŸ»â€â™€ï¸,:mermaid_light_skin_tone:,mermaid light skin tone,ç¾äººé­šæ·ºè†šè‰²,:ç¾äººé±¼_è¾ƒæµ…è‚¤è‰²:
ğŸ§œğŸ¼â€â™€ï¸,:mermaid_medium-light_skin_tone:,mermaid medium-light skin tone,ç¾äººé­šä¸­æ·ºè†šè‰²,:ç¾äººé±¼_ä¸­ç­‰æµ…è‚¤è‰²:
ğŸ§œâ€â™‚ï¸,:merman:,merman,äººé­š,:ç”·äººé±¼:
ğŸš‡,:metro:,metro,åœ°éµ,:åœ°é“:
ğŸ¦ ,:microbe:,microbe,å¾®ç”Ÿç‰©,:ç»†èŒ:
ğŸ¤,:microphone:,microphone,éº¥å…‹é¢¨,:éº¦å…‹é£:
ğŸª–,:military_helmet:,military helmet,è»ç”¨é ­ç›”,:å†›ç”¨å¤´ç›”:
ğŸŒŒ,:milky_way:,milky way,éŠ€æ²³ç³»,:é“¶æ²³:
â–,:minus:,minus,æ¸›,:å‡:
ğŸª,:mirror:,mirror,é¡å­,:é•œå­:
ğŸ—¿,:moai:,moai,æ‘©è‰¾,:æ‘©åŸƒ:
ğŸ“±,:mobile_phone:,mobile phone,æ‰‹æ©Ÿ,:æ‰‹æœº:
ğŸ“´,:mobile_phone_off:,mobile phone off,æ‰‹æ©Ÿé—œæ©Ÿ,:æ‰‹æœºå…³æœº:
ğŸ¤‘,:money-mouth_face:,money-mouth face,éŒ¢å˜´è‡‰,:å‘è´¢:
ğŸ’°,:money_bag:,money bag,éŒ¢è¢‹å­,:é’±è¢‹:
ğŸ’¸,:money_with_wings:,money with wings,å¸¶ç¿…è†€çš„éŒ¢,:é•¿ç¿…è†€çš„é’±:
ğŸ’,:monkey:,monkey,çŒ´,:çŒ´å­:
ğŸ›¥,:motor_boat:,motor boat,æ‘©æ‰˜è‰‡,:æ‘©æ‰˜è‰‡:
ğŸ›µ,:motor_scooter:,motor scooter,å°å‹æ‘©æ‰˜è»Š,:å°å‹æ‘©æ‰˜è½¦:
ğŸï¸,:motorcycle:,motorcycle,æ‘©æ‰˜è»Š,:æ‘©æ‰˜è½¦:
ğŸ,:motorcycle:,motorcycle,æ‘©æ‰˜è»Š,:æ‘©æ‰˜è½¦:
ğŸ—»,:mount_fuji:,mount fuji,å¯Œå£«å±±,:å¯Œå£«å±±:
â›°ï¸,:mountain:,mountain,å±±,:å±±:
â›°,:mountain:,mountain,å±±,:å±±:
ğŸ­,:mouse_face:,mouse face,è€é¼ è‡‰,:è€é¼ å¤´:
ğŸ‘„,:mouth:,mouth,å˜´,:å˜´:
ğŸ¥,:movie_camera:,movie camera,é›»å½±æ”å½±æ©Ÿ,:ç”µå½±æ‘„å½±æœº:
âœ–ï¸,:multiply:,multiply,ä¹˜,:ä¹˜:
ğŸ„,:mushroom:,mushroom,è˜‘è‡,:è˜‘è‡:
ğŸ¹,:musical_keyboard:,musical keyboard,éŸ³æ¨‚éµç›¤,:éŸ³ä¹é”®ç›˜:
ğŸµ,:musical_note:,musical note,éŸ³ç¬¦,:éŸ³ç¬¦:
ğŸ¶,:musical_notes:,musical notes,éŸ³ç¬¦,:å¤šä¸ªéŸ³ç¬¦:
ğŸ¼,:musical_score:,musical score,æ¨‚è­œ,:ä¹è°±:
ğŸ”‡,:muted_speaker:,muted speaker,éœéŸ³æšè²å™¨,:å·²é™éŸ³çš„æ‰¬å£°å™¨:
ğŸ’…,:nail_polish:,nail polish,æŒ‡ç”²æ²¹,:æ¶‚æŒ‡ç”²æ²¹:
ğŸ’…ğŸ»,:nail_polish_light_skin_tone:,nail polish light skin tone,æŒ‡ç”²æ²¹æ·ºè†šè‰²,:æ¶‚æŒ‡ç”²æ²¹_è¾ƒæµ…è‚¤è‰²:
ğŸ’…ğŸ¼,:nail_polish_medium-light_skin_tone:,nail polish medium-light skin tone,æŒ‡ç”²æ²¹ä¸­æ·ºè†šè‰²,:æ¶‚æŒ‡ç”²æ²¹_ä¸­ç­‰æµ…è‚¤è‰²:
ğŸ,:national_park:,national park,åœ‹å®¶å…¬åœ’,:å›½å®¶å…¬å›­:
ğŸ¤¢,:nauseated_face:,nauseated face,å™å¿ƒçš„è‡‰,:æ¶å¿ƒ:
ğŸ‘”,:necktie:,necktie,é ˜å¸¶,:é¢†å¸¦:
ğŸ¤“,:nerd_face:,nerd face,æ›¸å‘†å­è‡‰,:ä¹¦å‘†å­è„¸:
ğŸ˜,:neutral_face:,neutral face,ä¸­æ€§è‡‰,:å†·æ¼ :
ğŸŒ‘,:new_moon:,new moon,æ–°æœˆ,:æœ”æœˆ:
ğŸŒš,:new_moon_face:,new moon face,æ–°æœˆè‡‰,:å¾®ç¬‘çš„æœ”æœˆ:
â­ï¸,:next_track_button:,next track button,ä¸‹ä¸€é¦–æ›²ç›®æŒ‰éˆ•,:ä¸‹ä¸€ä¸ªéŸ³è½¨æŒ‰é’®:
â­,:next_track_button:,next track button,ä¸‹ä¸€é¦–æ›²ç›®æŒ‰éˆ•,:ä¸‹ä¸€ä¸ªéŸ³è½¨æŒ‰é’®:
ğŸŒƒ,:night_with_stars:,night with stars,æœ‰æ˜Ÿæ˜Ÿçš„å¤œæ™š,:å¤œæ™š:
ğŸ•˜,:nine_oâ€™clock:,nine oâ€™clock,ä¹é»é˜,:ä¹ç‚¹:
ğŸ¥·,:ninja:,ninja,å¿è€…,:å¿è€…:
ğŸ¥·ğŸ»,:ninja_light_skin_tone:,ninja light skin tone,å¿è€…æ·ºè†šè‰²,:å¿è€…_è¾ƒæµ…è‚¤è‰²:
â›”,:no_entry:,no entry,ç¦æ­¢é§›å…¥,:ç¦æ­¢é€šè¡Œ:
ğŸš·,:no_pedestrians:,no pedestrians,è¡Œäººç¦æ­¢é€šè¡Œ,:ç¦æ­¢è¡Œäººé€šè¡Œ:
ğŸš­,:no_smoking:,no smoking,ç¦æ­¢æŠ½ç…™,:ç¦æ­¢å¸çƒŸ:
ğŸ‘ƒ,:nose:,nose,é¼»å­,:é¼»å­:
ğŸ‘ƒğŸ»,:nose_light_skin_tone:,nose light skin tone,é¼»å­æ·ºè†šè‰²,:é¼»å­_è¾ƒæµ…è‚¤è‰²:
ğŸ““,:notebook:,notebook,ç­†è¨˜æœ¬,:ç¬”è®°æœ¬:
ğŸ“”,:notebook_with_decorative_cover:,notebook with decorative cover,å¸¶è£é£¾å°é¢çš„ç­†è¨˜æœ¬,:ç²¾è£…ç¬”è®°æœ¬:
ğŸ™,:octopus:,octopus,ç« é­š,:ç« é±¼:
ğŸ¢,:oden:,oden,é—œæ±ç…®,:å…³ä¸œç…®:
ğŸ‘¹,:ogre:,ogre,é£Ÿäººé­”,:é£Ÿäººé­”:
ğŸ‘´ğŸ¾,:old_man_medium-dark_skin_tone:,old man medium-dark skin tone,è€äººä¸­é»‘è†šè‰²,:è€çˆ·çˆ·_ä¸­ç­‰æ·±è‚¤è‰²:
ğŸ‘´ğŸ¼,:old_man_medium-light_skin_tone:,old man medium-light skin tone,è€äººä¸­æ·ºè†šè‰²,:è€çˆ·çˆ·_ä¸­ç­‰æµ…è‚¤è‰²:
ğŸ‘µ,:old_woman:,old woman,è€å¤ªå©†,:è€å¥¶å¥¶:
ğŸ‘µğŸ»,:old_woman_light_skin_tone:,old woman light skin tone,è€å¥³äººæ·ºè†šè‰²,:è€å¥¶å¥¶_è¾ƒæµ…è‚¤è‰²:
ğŸš˜,:oncoming_automobile:,oncoming automobile,è¿é¢è€Œä¾†çš„æ±½è»Š,:è¿é¢é©¶æ¥çš„æ±½è½¦:
ğŸ‘Š,:oncoming_fist:,oncoming fist,è¿é¢è€Œä¾†çš„æ‹³é ­,:å‡ºæ‹³:
ğŸ‘ŠğŸ»,:oncoming_fist_light_skin_tone:,oncoming fist light skin tone,è¿é¢è€Œä¾†çš„æ‹³é ­æ·ºè†šè‰²,:å‡ºæ‹³_è¾ƒæµ…è‚¤è‰²:
ğŸ©±,:one-piece_swimsuit:,one-piece swimsuit,é€£é«”æ³³è¡£,:è¿ä½“æ³³è¡£:
ğŸ•,:one_oâ€™clock:,one oâ€™clock,ä¸€é»é˜,:ä¸€ç‚¹:
ğŸ“–,:open_book:,open book,æ‰“é–‹æ›¸,:æ‰“å¼€çš„ä¹¦æœ¬:
ğŸ“‚,:open_file_folder:,open file folder,æ‰“é–‹æ–‡ä»¶å¤¾,:æ‰“å¼€çš„æ–‡ä»¶å¤¹:
ğŸ‘,:open_hands:,open hands,å¼µé–‹é›™æ‰‹,:å¼ å¼€åŒæ‰‹:
ğŸ‘ğŸ¿,:open_hands_dark_skin_tone:,open hands dark skin tone,å¼µé–‹é›™æ‰‹ æ·±è‰²è†šè‰²,:å¼ å¼€åŒæ‰‹_è¾ƒæ·±è‚¤è‰²:
ğŸ‘ğŸ»,:open_hands_light_skin_tone:,open hands light skin tone,å¼µé–‹é›™æ‰‹æ·ºè†šè‰²,:å¼ å¼€åŒæ‰‹_è¾ƒæµ…è‚¤è‰²:
ğŸ“¬,:open_mailbox_with_raised_flag:,open mailbox with raised flag,æ‰“é–‹å¸¶æœ‰å‡æ——çš„éƒµç®±,:æœ‰æ–°ä¿¡ä»¶:
ğŸ§¡,:orange_heart:,orange heart,æ©™å¿ƒ,:æ©™å¿ƒ:
ğŸ¦¦,:otter:,otter,çº,:æ°´ç­:
ğŸ¦‰,:owl:,owl,è²“é ­é·¹,:çŒ«å¤´é¹°:
ğŸ‚,:ox:,ox,ç‰›,:å…¬ç‰›:
ğŸ¦ª,:oyster:,oyster,ç‰¡è £,:ç‰¡è›:
ğŸ“¦,:package:,package,åŒ…è£¹,:åŒ…è£¹:
ğŸ–Œ,:paintbrush:,paintbrush,ç•«ç­†,:ç”»ç¬”:
ğŸŒ´,:palm_tree:,palm tree,æ£•æ«šæ¨¹,:æ£•æ¦ˆæ ‘:
ğŸ«´ğŸ»,:palm_up_hand_light_skin_tone:,palm up hand light skin tone,æŒå¿ƒæœä¸Šæ‰‹è¼ƒæ·ºè†šè‰²,
ğŸ¤²,:palms_up_together:,palms up together,é›™æ‰‹åˆå,:æŒå¿ƒå‘ä¸Šæ‰˜èµ·:
ğŸ¤²ğŸ»,:palms_up_together_light_skin_tone:,palms up together light skin tone,æ‰‹å¿ƒå‘ä¸Š æ·ºè†šè‰²,:æŒå¿ƒå‘ä¸Šæ‰˜èµ·_è¾ƒæµ…è‚¤è‰²:
ğŸ¥,:pancakes:,pancakes,è–„ç…é¤…,:çƒ™é¥¼:
ğŸ¼,:panda:,panda,ç†Šè²“,:ç†ŠçŒ«:
ğŸ“,:paperclip:,paperclip,å›å½¢é‡,:å›å½¢é’ˆ:
ğŸ¦œ,:parrot:,parrot,é¸šéµ¡,:é¹¦é¹‰:
ğŸ‰,:party_popper:,party popper,ç¦®èŠ±,:æ‹‰ç‚®å½©å¸¦:
ğŸ¥³,:partying_face:,partying face,æ´¾å°è‡‰,:èšä¼šç¬‘è„¸:
ğŸ¾,:paw_prints:,paw prints,æŒå°,:çˆªå°:
ğŸ‘,:peach:,peach,æ¡ƒ,:æ¡ƒ:
ğŸ¥œ,:peanuts:,peanuts,èŠ±ç”Ÿ,:èŠ±ç”Ÿ:
ğŸ,:pear:,pear,æ¢¨,:æ¢¨:
âœï¸,:pencil:,pencil,é‰›ç­†,:é“…ç¬”:
âœ,:pencil:,pencil,é‰›ç­†,:é“…ç¬”:
ğŸ§,:penguin:,penguin,ä¼éµ,:ä¼é¹…:
ğŸ˜”,:pensive_face:,pensive face,æ²‰æ€çš„è‡‰,:æ²‰æ€:
ğŸ«‚,:people_hugging:,people hugging,äººå€‘æ“æŠ±,:äººçš„æ‹¥æŠ±:
ğŸ‘¯,:people_with_bunny_ears:,people with bunny ears,æœ‰å…”è€³æœµçš„äºº,:æˆ´å…”è€³æœµçš„äºº:
ğŸ¤¼,:people_wrestling:,people wrestling,äººå€‘æ‘”è·¤,:æ‘”è·¤é€‰æ‰‹:
ğŸ˜£,:persevering_face:,persevering face,å …æ¯…çš„è‡‰,:ç—›è‹¦:
ğŸ§‘,:person:,person,äºº,:æˆäºº:
ğŸš´,:person_biking:,person biking,é¨è‡ªè¡Œè»Šçš„äºº,:éª‘è‡ªè¡Œè½¦:
ğŸš´ğŸ»,:person_biking_light_skin_tone:,person biking light skin tone,é¨è‡ªè¡Œè»Šçš„äººæ·ºè†šè‰²,:éª‘è‡ªè¡Œè½¦_è¾ƒæµ…è‚¤è‰²:
â›¹ï¸,:person_bouncing_ball:,person bouncing ball,äººå½ˆè·³çƒ,:ç©çƒ:
ğŸ™‡,:person_bowing:,person bowing,é èº¬çš„äºº,:é èº¬:
ğŸ™‡ğŸ»,:person_bowing_light_skin_tone:,person bowing light skin tone,é èº¬çš„äººæ·ºè†šè‰²,:é èº¬_è¾ƒæµ…è‚¤è‰²:
ğŸ§‘ğŸ¿â€ğŸ¦±,:person_dark_skin_tone_curly_hair:,person dark skin tone curly hair,äººæ·±è‰²è†šè‰²æ²é«®,:æˆäºº_è¾ƒæ·±è‚¤è‰²å·å‘:
ğŸ¤¦,:person_facepalming:,person facepalming,äººè‡‰,:æ‚è„¸:
ğŸ§‘â€ğŸ¼,:person_feeding_baby:,person feeding baby,é¤µé¤Šå¬°å…’çš„äºº,:å“ºä¹³çš„äºº:
ğŸ™…ğŸ»,:person_gesturing_NO_light_skin_tone:,person gesturing NO light skin tone,æ‰“æ‰‹å‹¢çš„äººæ²’æœ‰æ·ºè†šè‰²,:ç¦æ­¢æ‰‹åŠ¿_è¾ƒæµ…è‚¤è‰²:
ğŸ’†,:person_getting_massage:,person getting massage,æ­£åœ¨æŒ‰æ‘©çš„äºº,:æŒ‰æ‘©:
ğŸ§˜ğŸ»,:person_in_lotus_position_light_skin_tone:,person in lotus position light skin tone,ç›¤è“®èŠ±çš„äººæ·ºè†šè‰²,:ç›˜è…¿çš„äºº_è¾ƒæµ…è‚¤è‰²:
ğŸ¤µğŸ»,:person_in_tuxedo_light_skin_tone:,person in tuxedo light skin tone,ç©¿ç‡•å°¾æœçš„æ·ºè†šè‰²äºº,:ç©¿ç‡•å°¾æœçš„äºº_è¾ƒæµ…è‚¤è‰²:
ğŸ¤¹,:person_juggling:,person juggling,äººé›œè€,:æŠ›æ¥æ‚è€:
ğŸ‹ï¸,:person_lifting_weights:,person lifting weights,èˆ‰é‡çš„äºº,:ä¸¾é‡:
ğŸ§”ğŸ»,:person_light_skin_tone_beard:,person light skin tone beard,äººæ·ºè†šè‰²é¬å­,:æœ‰èƒ¡å­çš„äºº_è¾ƒæµ…è‚¤è‰²:
ğŸ‘±ğŸ»,:person_light_skin_tone_blond_hair:,person light skin tone blond hair,äººæ·ºè†šè‰²é‡‘ç™¼,:é‡‘è‰²å¤´å‘çš„äºº_è¾ƒæµ…è‚¤è‰²:
ğŸ§‘ğŸ»â€ğŸ¦±,:person_light_skin_tone_curly_hair:,person light skin tone curly hair,äººç‰©æ·ºè†šè‰²æ²é«®,:æˆäºº_è¾ƒæµ…è‚¤è‰²å·å‘:
ğŸ§‘ğŸ¼â€ğŸ¦³,:person_medium-light_skin_tone_white_hair:,person medium-light skin tone white hair,äººä¸­æ·ºè†šè‰²ç™½é ­é«®,:æˆäºº_ä¸­ç­‰æµ…è‚¤è‰²ç™½å‘:
ğŸ™‹,:person_raising_hand:,person raising hand,èˆ‰æ‰‹çš„äºº,:ä¸¾æ‰‹:
ğŸ™‹ğŸ»,:person_raising_hand_light_skin_tone:,person raising hand light skin tone,èˆ‰æ‰‹çš„äººæ·ºè†šè‰²,:ä¸¾æ‰‹_è¾ƒæµ…è‚¤è‰²:
ğŸ™‹ğŸ¼,:person_raising_hand_medium-light_skin_tone:,person raising hand medium-light skin tone,èˆ‰æ‰‹çš„äººä¸­æ·ºè†šè‰²,:ä¸¾æ‰‹_ä¸­ç­‰æµ…è‚¤è‰²:
ğŸƒ,:person_running:,person running,è·‘æ­¥çš„äºº,:è·‘æ­¥è€…:
ğŸƒğŸ»,:person_running_light_skin_tone:,person running light skin tone,è·‘æ­¥çš„äººæ·ºè†šè‰²,:è·‘æ­¥è€…_è¾ƒæµ…è‚¤è‰²:
ğŸ¤·,:person_shrugging:,person shrugging,è³è‚©çš„äºº,:è€¸è‚©:
ğŸ¤·ğŸ»,:person_shrugging_light_skin_tone:,person shrugging light skin tone,è³è‚©çš„äººæ·ºè†šè‰²,:è€¸è‚©_è¾ƒæµ…è‚¤è‰²:
ğŸ„,:person_surfing:,person surfing,è¡æµªçš„äºº,:å†²æµª:
ğŸŠ,:person_swimming:,person swimming,æ¸¸æ³³çš„äºº,:æ¸¸æ³³:
ğŸ›€,:person_taking_bath:,person taking bath,æ´—æ¾¡çš„äºº,:æ´—æ¾¡çš„äºº:
ğŸ›€ğŸ¾,:person_taking_bath_medium-dark_skin_tone:,person taking bath medium-dark skin tone,æ­£åœ¨æ´—æ¾¡çš„äºº-ä¸­æ·±è†šè‰²,:æ´—æ¾¡çš„äºº_ä¸­ç­‰æ·±è‚¤è‰²:
ğŸ’,:person_tipping_hand:,person tipping hand,äººå‚¾æ–œçš„æ‰‹,:å‰å°:
ğŸš¶ğŸ»,:person_walking_light_skin_tone:,person walking light skin tone,èµ°è·¯çš„äººæ·ºè†šè‰²,:è¡Œäºº_è¾ƒæµ…è‚¤è‰²:
ğŸ‘°ğŸ»,:person_with_veil_light_skin_tone:,person with veil light skin tone,é¢ç´—æ·ºè†šè‰²çš„äºº,:æˆ´å¤´çº±çš„äºº_è¾ƒæµ…è‚¤è‰²:
ğŸ–,:pig:,pig,è±¬,:çŒª:
ğŸ·,:pig_face:,pig face,è±¬è‡‰,:çŒªå¤´:
ğŸ½,:pig_nose:,pig nose,è±¬é¼»å­,:çŒªé¼»å­:
ğŸ’©,:pile_of_poo:,pile of poo,ä¸€å †ä¾¿ä¾¿,:å¤§ä¾¿:
ğŸ’Š,:pill:,pill,ä¸¸,:è¯ä¸¸:
ğŸ¤,:pinching_hand:,pinching hand,ææ‰‹,:æåˆçš„æ‰‹åŠ¿:
ğŸ¤ğŸ»,:pinching_hand_light_skin_tone:,pinching hand light skin tone,ææ‰‹æ·ºè†šè‰²,:æåˆçš„æ‰‹åŠ¿_è¾ƒæµ…è‚¤è‰²:
ğŸ,:pineapple:,pineapple,è è˜¿,:è è:
ğŸ“,:ping_pong:,ping pong,ä¹’ä¹“,:ä¹’ä¹“çƒ:
ğŸ´â€â˜ ï¸,:pirate_flag:,pirate flag,æµ·ç›œæ——,:æµ·ç›—æ——:
ğŸ•,:pizza:,pizza,æ¯”è–©,:æŠ«è¨:
ğŸª§,:placard:,placard,æ¨™èªç‰Œ,:æ ‡è¯­ç‰Œ:
â–¶ï¸,:play_button:,play button,æ’­æ”¾æŒ‰éˆ•,:æ’­æ”¾æŒ‰é’®:
ğŸ¥º,:pleading_face:,pleading face,æ‡‡æ±‚çš„è‡‰,:æ³æ±‚çš„è„¸:
â•,:plus:,plus,åŠ ,:åŠ :
ğŸ»â€â„ï¸,:polar_bear:,polar bear,åŒ—æ¥µç†Š,:åŒ—æç†Š:
ğŸš¨,:police_car_light:,police car light,è­¦è»Šç‡ˆ,:è­¦è½¦ç¯:
ğŸ‘®,:police_officer:,police officer,è­¦å®˜,:è­¦å¯Ÿ:
ğŸ©,:poodle:,poodle,è²´è³“çŠ¬,:è´µå®¾çŠ¬:
ğŸ±,:pool_8_ball:,pool 8 ball,æ±  8 çƒ,:å°çƒ:
ğŸ¿,:popcorn:,popcorn,çˆ†ç±³èŠ±,:çˆ†ç±³èŠ±:
ğŸ“®,:postbox:,postbox,éƒµç®±,:é‚®ç­’:
ğŸ²,:pot_of_food:,pot of food,ä¸€é‹é£Ÿç‰©,:ä¸€é”…é£Ÿç‰©:
ğŸ¥”,:potato:,potato,åœŸè±†,:åœŸè±†:
ğŸª´,:potted_plant:,potted plant,ç›†æ ½,:ç›†æ ½æ¤ç‰©:
ğŸ—,:poultry_leg:,poultry leg,å®¶ç¦½è…¿,:å®¶ç¦½çš„è…¿:
ğŸ˜¾,:pouting_cat:,pouting cat,å™˜å˜´çš„è²“,:ç”Ÿæ°”çš„çŒ«:
ğŸ¤°,:pregnant_woman:,pregnant woman,æ‡·å­•çš„å¥³äºº,:å­•å¦‡:
ğŸ¤°ğŸ»,:pregnant_woman_light_skin_tone:,pregnant woman light skin tone,å­•å©¦æ·ºè†šè‰²,:å­•å¦‡_è¾ƒæµ…è‚¤è‰²:
ğŸ¤´,:prince:,prince,ç‹å­,:ç‹å­:
ğŸ¤´ğŸ»,:prince_light_skin_tone:,prince light skin tone,ç‹å­æ·ºè†šè‰²,:ç‹å­_è¾ƒæµ…è‚¤è‰²:
ğŸ‘¸,:princess:,princess,å…¬ä¸»,:å…¬ä¸»:
ğŸ‘¸ğŸ»,:princess_light_skin_tone:,princess light skin tone,å…¬ä¸»æ·ºè†šè‰²,:å…¬ä¸»_è¾ƒæµ…è‚¤è‰²:
ğŸ‘¸ğŸ¼,:princess_medium-light_skin_tone:,princess medium-light skin tone,å…¬ä¸»ä¸­æ·ºè†šè‰²,:å…¬ä¸»_ä¸­ç­‰æµ…è‚¤è‰²:
ğŸš«,:prohibited:,prohibited,ç¦æ­¢çš„,:ç¦æ­¢:
ğŸŸ£,:purple_circle:,purple circle,ç´«è‰²åœ“åœˆ,:ç´«è‰²åœ†:
ğŸ’œ,:purple_heart:,purple heart,ç´«å¿ƒ,:ç´«å¿ƒ:
ğŸ‘›,:purse:,purse,éŒ¢åŒ…,:é’±åŒ…:
ğŸ“Œ,:pushpin:,pushpin,åœ–é‡˜,:å›¾é’‰:
ğŸ§©,:puzzle_piece:,puzzle piece,ä¸€å¡Šæ‹¼åœ–,:æ‹¼å›¾:
ğŸ‡,:rabbit:,rabbit,å…”å­,:å…”å­:
ğŸ°,:rabbit_face:,rabbit face,å…”è‡‰,:å…”å­å¤´:
ğŸï¸,:racing_car:,racing car,è³½è»Š,:èµ›è½¦:
ğŸ”˜,:radio_button:,radio button,å–®é¸æŒ‰éˆ•,:å•é€‰æŒ‰é’®:
ğŸšƒ,:railway_car:,railway car,ç«è»Šè»Šå»‚,:è½¨é“è½¦:
ğŸŒˆ,:rainbow:,rainbow,å½©è™¹,:å½©è™¹:
âœŠ,:raised_fist:,raised fist,èˆ‰èµ·æ‹³é ­,:ä¸¾èµ·æ‹³å¤´:
âœŠğŸ»,:raised_fist_light_skin_tone:,raised fist light skin tone,èˆ‰èµ·æ‹³é ­æ·ºè†šè‰²,:ä¸¾èµ·æ‹³å¤´_è¾ƒæµ…è‚¤è‰²:
âœ‹,:raised_hand:,raised hand,èˆ‰æ‰‹,:ä¸¾èµ·æ‰‹:
âœ‹ğŸ»,:raised_hand_light_skin_tone:,raised hand light skin tone,èˆ‰æ‰‹æ·ºè†šè‰²,:ä¸¾èµ·æ‰‹_è¾ƒæµ…è‚¤è‰²:
ğŸ™Œ,:raising_hands:,raising hands,èˆ‰æ‰‹,:ä¸¾åŒæ‰‹:
ğŸ™ŒğŸ¿,:raising_hands_dark_skin_tone:,raising hands dark skin tone,èˆ‰æ‰‹ æ·±è‰²è†šè‰²,:ä¸¾åŒæ‰‹_è¾ƒæ·±è‚¤è‰²:
ğŸ™ŒğŸ»,:raising_hands_light_skin_tone:,raising hands light skin tone,èˆ‰æ‰‹ æ·ºè†šè‰²,:ä¸¾åŒæ‰‹_è¾ƒæµ…è‚¤è‰²:
ğŸ™ŒğŸ¾,:raising_hands_medium-dark_skin_tone:,raising hands medium-dark skin tone,èˆ‰æ‰‹-ä¸­ç­‰-æ·±è†šè‰²,:ä¸¾åŒæ‰‹_ä¸­ç­‰æ·±è‚¤è‰²:
ğŸ™ŒğŸ¼,:raising_hands_medium-light_skin_tone:,raising hands medium-light skin tone,èˆ‰æ‰‹ ä¸­æ·ºè†šè‰²,:ä¸¾åŒæ‰‹_ä¸­ç­‰æµ…è‚¤è‰²:
ğŸ,:ram:,ram,å…§å­˜,:å…¬ç¾Š:
ğŸ§¾,:receipt:,receipt,æ”¶æ“š,:æ”¶æ®:
â™»ï¸,:recycling_symbol:,recycling symbol,å›æ”¶ç¬¦è™Ÿ,:å›æ”¶æ ‡å¿—:
ğŸ,:red_apple:,red apple,ç´…è˜‹æœ,:çº¢è‹¹æœ:
ğŸ”´,:red_circle:,red circle,ç´…åœˆ,:çº¢è‰²åœ†:
ğŸ§§,:red_envelope:,red envelope,ç´…ä¿¡å°,:çº¢åŒ…:
â—,:red_exclamation_mark:,red exclamation mark,ç´…è‰²æ„Ÿå˜†è™Ÿ,:çº¢è‰²æ„Ÿå¹å·:
â¤ï¸,:red_heart:,red heart,ç´…å¿ƒ,:çº¢å¿ƒ:
â¤,:red_heart:,red heart,ç´…å¿ƒ,:çº¢å¿ƒ:
ğŸ®,:red_paper_lantern:,red paper lantern,ç´…ç´™ç‡ˆç± ,:çº¢ç¯ç¬¼:
â“,:red_question_mark:,red question mark,ç´…è‰²å•è™Ÿ,:çº¢è‰²é—®å·:
ğŸ”»,:red_triangle_pointed_down:,red triangle pointed down,ç´…è‰²ä¸‰è§’å½¢æœä¸‹,:çº¢è‰²å€’ä¸‰è§’:
ğŸ”º,:red_triangle_pointed_up:,red triangle pointed up,ç´…è‰²ä¸‰è§’å½¢æœä¸Š,:çº¢è‰²æ­£ä¸‰è§’:
Â®ï¸,:registered:,registered,æ›è™Ÿçš„,:æ³¨å†Œ:
Â®,:registered:,registered,æ›è™Ÿçš„,:æ³¨å†Œ:
ğŸ˜Œ,:relieved_face:,relieved face,é¬†äº†ä¸€å£æ°£çš„è‡‰,:æ¾äº†å£æ°”:
ğŸ—,:reminder_ribbon:,reminder ribbon,æé†’çµ²å¸¶,:æç¤ºä¸å¸¦:
â›‘ï¸,:rescue_workerâ€™s_helmet:,rescue workerâ€™s helmet,æ•‘æ´äººå“¡é ­ç›”,:ç™½åå­—å¤´ç›”:
ğŸ’,:revolving_hearts:,revolving hearts,æ—‹è½‰çš„å¿ƒ,:èˆåŠ¨çš„å¿ƒ:
ğŸ€,:ribbon:,ribbon,çµ²å¸¶,:è´è¶ç»“:
ğŸ™,:rice_ball:,rice ball,é£¯ç³°,:é¥­å›¢:
ğŸ˜,:rice_cracker:,rice cracker,ç±³é¤…,:ç±³é¥¼:
ğŸ¤œğŸ»,:right-facing_fist_light_skin_tone:,right-facing fist light skin tone,æœå³çš„æ‹³é ­æ·ºè†šè‰²,:æœå³çš„æ‹³å¤´_è¾ƒæµ…è‚¤è‰²:
ğŸ¤œğŸ¼,:right-facing_fist_medium-light_skin_tone:,right-facing fist medium-light skin tone,å³æ‰‹æ¡æ‹³ä¸­æ·ºè†šè‰²,:æœå³çš„æ‹³å¤´_ä¸­ç­‰æµ…è‚¤è‰²:
â¡ï¸,:right_arrow:,right arrow,å³ç®­é ­,:å‘å³ç®­å¤´:
â¤´ï¸,:right_arrow_curving_up:,right arrow curving up,å‘ä¸Šå½æ›²çš„å³ç®­é ­,:å³ä¸Šå¼¯ç®­å¤´:
ğŸ’,:ring:,ring,æˆ’æŒ‡,:æˆ’æŒ‡:
ğŸª,:ringed_planet:,ringed planet,ç’°å½¢è¡Œæ˜Ÿ,:æœ‰ç¯è¡Œæ˜Ÿ:
ğŸ ,:roasted_sweet_potato:,roasted sweet potato,çƒ¤åœ°ç“œ,:çƒ¤çº¢è–¯:
ğŸ¤–,:robot:,robot,æ©Ÿå™¨äºº,:æœºå™¨äºº:
ğŸª¨,:rock:,rock,å²©çŸ³,:å²©çŸ³:
ğŸš€,:rocket:,rocket,ç«ç®­,:ç«ç®­:
ğŸ§»,:roll_of_paper:,roll of paper,ä¸€æ²ç´™,:å·çº¸:
ğŸ¢,:roller_coaster:,roller coaster,éå±±è»Š,:è¿‡å±±è½¦:
ğŸ›¼,:roller_skate:,roller skate,æ—±å†°é‹,:å››è½®æ»‘å†°é‹:
ğŸ¤£,:rolling_on_the_floor_laughing:,rolling on the floor laughing,ç¬‘å¾—åœ¨åœ°ä¸Šæ‰“æ»¾,:ç¬‘å¾—æ»¡åœ°æ‰“æ»š:
ğŸ“,:rooster:,rooster,å…¬é›,:å…¬é¸¡:
ğŸŒ¹,:rose:,rose,ç«ç‘°,:ç«ç‘°:
ğŸµ,:rosette:,rosette,èŠ±ç’°,:åœ†å½¢èŠ±é¥°:
ğŸ“,:round_pushpin:,round pushpin,åœ“å½¢åœ–é‡˜,:åœ†å›¾é’‰:
ğŸ½,:running_shirt:,running shirt,è·‘æ­¥è¡«,:è¿åŠ¨èƒŒå¿ƒ:
ğŸ‘Ÿ,:running_shoe:,running shoe,è·‘é‹,:è·‘é‹:
ğŸ˜¥,:sad_but_relieved_face:,sad but relieved face,æ‚²å‚·ä½†å¦‚é‡‹é‡è² çš„è‡‰,:å¤±æœ›ä½†å¦‚é‡Šé‡è´Ÿ:
â›µ,:sailboat:,sailboat,å¸†èˆ¹,:å¸†èˆ¹:
ğŸ¶,:sake:,sake,æ¸…é…’,:æ¸…é…’:
ğŸ§‚,:salt:,salt,é¹½,:ç›:
ğŸ«¡,:saluting_face:,saluting face,æ•¬ç¦®çš„è‡‰,:è‡´æ•¬:
ğŸ¥ª,:sandwich:,sandwich,ä¸‰æ˜æ²»,:ä¸‰æ˜æ²»:
ğŸ¦•,:sauropod:,sauropod,èœ¥è…³é¡å‹•ç‰©,:èœ¥èœ´ç±»:
ğŸ«,:school:,school,å­¸æ ¡,:å­¦æ ¡:
âœ‚ï¸,:scissors:,scissors,å‰ªåˆ€,:å‰ªåˆ€:
ğŸ¦‚,:scorpion:,scorpion,è ,:èå­:
ğŸ¦­,:seal:,seal,æµ·è±¹,:æµ·è±¹:
ğŸ™ˆ,:see-no-evil_monkey:,see-no-evil monkey,ç„¡æƒ¡ä¸ä½œçš„çŒ´å­,:éç¤¼å‹¿è§†:
ğŸŒ±,:seedling:,seedling,å¹¼è‹—,:å¹¼è‹—:
ğŸ¤³,:selfie:,selfie,è‡ªæ‹,:è‡ªæ‹:
ğŸ¤³ğŸ¿,:selfie_dark_skin_tone:,selfie dark skin tone,è‡ªæ‹æ·±è‰²è†šè‰²,:è‡ªæ‹_è¾ƒæ·±è‚¤è‰²:
ğŸª¡,:sewing_needle:,sewing needle,ç¸«ç´‰é‡,:ç¼åˆé’ˆ:
â˜˜,:shamrock:,shamrock,ä¸‰è‘‰è‰,:ä¸‰å¶è‰:
ğŸ¦ˆ,:shark:,shark,é¯Šé­š,:é²¨é±¼:
ğŸŒ¾,:sheaf_of_rice:,sheaf of rice,ä¸€æ†ç±³,:ç¨»å­:
â›©,:shinto_shrine:,shinto shrine,ç¥ç¤¾,:ç¥ç¤¾:
ğŸš¢,:ship:,ship,èˆ¹,:èˆ¹:
ğŸ›,:shopping_bags:,shopping bags,è³¼ç‰©è¢‹,:è´­ç‰©è¢‹:
ğŸ›’,:shopping_cart:,shopping cart,è³¼ç‰©è»Š,:è´­ç‰©è½¦:
ğŸ°,:shortcake:,shortcake,è„†é¤…,:æ°´æœè›‹ç³•:
ğŸ©³,:shorts:,shorts,çŸ­è¤²,:çŸ­è£¤:
ğŸš¿,:shower:,shower,æ·‹æµ´,:æ·‹æµ´:
ğŸ¦,:shrimp:,shrimp,è¦,:è™¾:
ğŸ¤«,:shushing_face:,shushing face,å™“è‡‰,:å®‰é™çš„è„¸:
ğŸ¤˜,:sign_of_the_horns:,sign of the horns,è§’çš„æ¨™èªŒ,:æ‘‡æ»š:
ğŸ¤˜ğŸ»,:sign_of_the_horns_light_skin_tone:,sign of the horns light skin tone,ç‰›è§’æ¨™èªŒæ·ºè†šè‰²,:æ‘‡æ»š_è¾ƒæµ…è‚¤è‰²:
ğŸ›¹,:skateboard:,skateboard,æ»‘æ¿,:æ»‘æ¿:
ğŸ’€,:skull:,skull,é¡±éª¨,:å¤´éª¨:
â˜ ï¸,:skull_and_crossbones:,skull and crossbones,éª·é«å’Œäº¤å‰éª¨,:éª·é«…:
ğŸ¦¨,:skunk:,skunk,è‡­é¼¬,:è‡­é¼¬:
ğŸ˜´,:sleeping_face:,sleeping face,ç¡è‡‰,:ç¡ç€äº†:
ğŸ˜ª,:sleepy_face:,sleepy face,å›°å€¦çš„è‡‰,:å›°:
ğŸ™,:slightly_frowning_face:,slightly frowning face,å¾®å¾®çšºçœ‰çš„è‡‰,:å¾®å¾®ä¸æ»¡:
ğŸ™‚,:slightly_smiling_face:,slightly smiling face,å¾®å¾®ç¬‘çš„è‡‰,:å‘µå‘µ:
ğŸ¦¥,:sloth:,sloth,æ¨¹æ‡¶,:æ ‘æ‡’:
ğŸ”¹,:small_blue_diamond:,small blue diamond,å°è—é‘½,:è“è‰²å°è±å½¢:
ğŸ”¸,:small_orange_diamond:,small orange diamond,å°æ©™è‰²é‘½çŸ³,:æ©™è‰²å°è±å½¢:
ğŸ˜»,:smiling_cat_with_heart-eyes:,smiling cat with heart-eyes,å¸¶è‘—å¿ƒå½¢çœ¼ç›çš„å¾®ç¬‘è²“,:èŠ±ç—´çš„çŒ«:
â˜ºï¸,:smiling_face:,smiling face,å¾®ç¬‘çš„é¢å­”,:å¾®ç¬‘:
â˜º,:smiling_face:,smiling face,å¾®ç¬‘çš„é¢å­”,:å¾®ç¬‘:
ğŸ˜‡,:smiling_face_with_halo:,smiling face with halo,å¸¶å…‰ç’°çš„ç¬‘è‡‰,:å¾®ç¬‘å¤©ä½¿:
ğŸ˜,:smiling_face_with_heart-eyes:,smiling face with heart-eyes,å¿ƒçœ¼ç¬‘è‡‰,:èŠ±ç—´:
ğŸ¥°,:smiling_face_with_hearts:,smiling face with hearts,ç¬‘è‡‰èˆ‡å¿ƒ,:å–œç¬‘é¢œå¼€:
ğŸ˜ˆ,:smiling_face_with_horns:,smiling face with horns,å¸¶è§’çš„ç¬‘è‡‰,:æ¶é­”å¾®ç¬‘:
ğŸ¤—,:smiling_face_with_open_hands:,smiling face with open hands,å¼µé–‹é›™æ‰‹çš„ç¬‘è‡‰,:æŠ±æŠ±:
ğŸ˜Š,:smiling_face_with_smiling_eyes:,smiling face with smiling eyes,å¾®ç¬‘çš„è‡‰å’Œå¾®ç¬‘çš„çœ¼ç›,:ç¾æ¶©å¾®ç¬‘:
ğŸ˜,:smiling_face_with_sunglasses:,smiling face with sunglasses,å¸¶è‘—å¢¨é¡çš„ç¬‘è‡‰,:å¢¨é•œç¬‘è„¸:
ğŸ¥²,:smiling_face_with_tear:,smiling face with tear,å«æ·šçš„ç¬‘è‡‰,:å«æ³ªçš„ç¬‘è„¸:
ğŸ˜,:smirking_face:,smirking face,å‚»ç¬‘çš„è‡‰,:å¾—æ„:
ğŸŒ,:snail:,snail,è¸ç‰›,:èœ—ç‰›:
ğŸ,:snake:,snake,è›‡,:è›‡:
ğŸ¤§,:sneezing_face:,sneezing face,æ‰“å™´åšçš„è‡‰,:æ‰“å–·åš:
ğŸ”,:snow-capped_mountain:,snow-capped mountain,é›ªå±±,:é›ªå±±:
ğŸ‚,:snowboarder:,snowboarder,å–®æ¿æ»‘é›ªè€…,:æ»‘é›ªæ¿:
â„ï¸,:snowflake:,snowflake,é›ªèŠ±,:é›ªèŠ±:
â„,:snowflake:,snowflake,é›ªèŠ±,:é›ªèŠ±:
â˜ƒï¸,:snowman:,snowman,é›ªäºº,:é›ªä¸é›ªäºº:
â˜ƒ,:snowman:,snowman,é›ªäºº,:é›ªä¸é›ªäºº:
â›„,:snowman_without_snow:,snowman without snow,æ²’æœ‰é›ªçš„é›ªäºº,:é›ªäºº:
ğŸ§¼,:soap:,soap,è‚¥çš‚,:çš‚:
âš½,:soccer_ball:,soccer ball,è¶³çƒ,:è¶³çƒ:
ğŸ§¦,:socks:,socks,è¥ªå­,:è¢œå­:
ğŸ¦,:soft_ice_cream:,soft ice cream,è»Ÿå†°æ·‡æ·‹,:åœ†ç­’å†°æ¿€å‡Œ:
â™ ,:spade_suit:,spade suit,é»‘æ¡ƒèŠ±è‰²,:é»‘æ¡ƒ:
ğŸ‡,:sparkler:,sparkler,ç…™ç«,:çƒŸèŠ±:
âœ¨,:sparkles:,sparkles,é–ƒé–ƒç™¼å…‰,:é—ªäº®:
ğŸ’–,:sparkling_heart:,sparkling heart,é–ƒé–ƒç™¼å…‰çš„å¿ƒ,:é—ªäº®çš„å¿ƒ:
ğŸ™Š,:speak-no-evil_monkey:,speak-no-evil monkey,ä¸èªªå£è©±çš„çŒ´å­,:éç¤¼å‹¿è¨€:
ğŸ”Š,:speaker_high_volume:,speaker high volume,æšè²å™¨é«˜éŸ³é‡,:é«˜éŸ³é‡çš„æ‰¬å£°å™¨:
ğŸ—£ï¸,:speaking_head:,speaking head,èªªè©±çš„é ­,:è¯´è¯:
ğŸ—£,:speaking_head:,speaking head,èªªè©±çš„é ­,:è¯´è¯:
ğŸ’¬,:speech_balloon:,speech balloon,èªéŸ³æ°£çƒ,:è¯è¯­æ°”æ³¡:
ğŸ•·,:spider:,spider,èœ˜è››,:èœ˜è››:
ğŸ—“,:spiral_calendar:,spiral calendar,èºæ—‹æ—¥æ›†,:çº¿åœˆæ—¥å†:
ğŸ—’ï¸,:spiral_notepad:,spiral notepad,èºæ—‹è¨˜äº‹æœ¬,:çº¿åœˆæœ¬:
ğŸš,:spiral_shell:,spiral shell,èº,:æµ·èº:
ğŸ¥„,:spoon:,spoon,å‹ºå­,:åŒ™:
ğŸ…,:sports_medal:,sports medal,é‹å‹•çç‰Œ,:å¥–ç‰Œ:
ğŸ³,:spouting_whale:,spouting whale,å™´æ°´çš„é¯¨é­š,:å–·æ°´çš„é²¸:
ğŸ¦‘,:squid:,squid,çƒè³Š,:ä¹Œè´¼:
ğŸ˜,:squinting_face_with_tongue:,squinting face with tongue,ç”¨èˆŒé ­ç‡è‘—è‡‰,:çœ¯çœ¼åèˆŒ:
â­,:star:,star,æ˜Ÿæ˜Ÿ,:æ˜Ÿæ˜Ÿ:
ğŸ¤©,:star-struck:,star-struck,è¿½æ˜Ÿ,:å¥½å´‡æ‹œå“¦:
â˜ª,:star_and_crescent:,star and crescent,æ˜Ÿæ˜Ÿå’Œæ–°æœˆ,:æ˜Ÿæœˆ:
ğŸœ,:steaming_bowl:,steaming bowl,è’¸ç¢—,:é¢æ¡:
ğŸ©º,:stethoscope:,stethoscope,è½è¨ºå™¨,:å¬è¯Šå™¨:
ğŸ›‘,:stop_sign:,stop sign,åœæ­¢æ¨™èªŒ,:åœæ­¢æ ‡å¿—:
â±,:stopwatch:,stopwatch,è·‘è¡¨,:ç§’è¡¨:
ğŸ“,:straight_ruler:,straight ruler,ç›´å°º,:ç›´å°º:
ğŸ“,:strawberry:,strawberry,è‰è“,:è‰è“:
ğŸ™ï¸,:studio_microphone:,studio microphone,å·¥ä½œå®¤è©±ç­’,:å½•éŸ³å®¤éº¦å…‹é£:
ğŸ¥™,:stuffed_flatbread:,stuffed flatbread,é‡€å¤§é¤…,:å¤¹å¿ƒé¥¼:
â˜€ï¸,:sun:,sun,å¤ªé™½,:å¤ªé˜³:
â˜€,:sun:,sun,å¤ªé™½,:å¤ªé˜³:
â›…,:sun_behind_cloud:,sun behind cloud,é›²å¾Œçš„å¤ªé™½,:é˜´:
ğŸŒ¥ï¸,:sun_behind_large_cloud:,sun behind large cloud,åœ¨å¤§é›²å½©å¾Œçš„å¤ªé™½,:å¤šäº‘:
ğŸŒ¥,:sun_behind_large_cloud:,sun behind large cloud,åœ¨å¤§é›²å½©å¾Œçš„å¤ªé™½,:å¤šäº‘:
ğŸŒ¦ï¸,:sun_behind_rain_cloud:,sun behind rain cloud,é›¨é›²å¾Œé¢çš„å¤ªé™½,:æ™´è½¬é›¨:
ğŸŒ¤,:sun_behind_small_cloud:,sun behind small cloud,å°é›²å¾Œé¢çš„å¤ªé™½,:æ™´å¶æœ‰äº‘:
ğŸŒ,:sun_with_face:,sun with face,å¤ªé™½èˆ‡è‡‰,:å¾®ç¬‘çš„å¤ªé˜³:
ğŸŒ»,:sunflower:,sunflower,å‘æ—¥è‘µ,:å‘æ—¥è‘µ:
ğŸ•¶ï¸,:sunglasses:,sunglasses,å¤ªé™½é¡,:å¢¨é•œ:
ğŸ•¶,:sunglasses:,sunglasses,å¤ªé™½é¡,:å¢¨é•œ:
ğŸŒ…,:sunrise:,sunrise,æ—¥å‡º,:æ—¥å‡º:
ğŸŒ„,:sunrise_over_mountains:,sunrise over mountains,å±±ä¸Šçš„æ—¥å‡º,:å±±é¡¶æ—¥å‡º:
ğŸŒ‡,:sunset:,sunset,æ—¥è½,:æ—¥è½:
ğŸ£,:sushi:,sushi,å£½å¸,:å¯¿å¸:
ğŸ¦¢,:swan:,swan,å¤©éµ,:å¤©é¹…:
ğŸ’¦,:sweat_droplets:,sweat droplets,æ±—æ»´,:æ±—æ»´:
ğŸ’‰,:syringe:,syringe,æ³¨å°„å™¨,:æ³¨å°„å™¨:
ğŸ‘•,:t-shirt:,t-shirt,Tå¹,:Tæ¤:
ğŸŒ®,:taco:,taco,ç‚¸ç‰ç±³é¤…,:å¢¨è¥¿å“¥å·é¥¼:
ğŸ‹,:tanabata_tree:,tanabata tree,ä¸ƒå¤•æ¨¹,:ä¸ƒå¤•æ ‘:
ğŸŠ,:tangerine:,tangerine,æŸ‘æ©˜,:æ©˜å­:
ğŸµ,:teacup_without_handle:,teacup without handle,æ²’æœ‰æŠŠæ‰‹çš„èŒ¶æ¯,:çƒ­èŒ¶:
ğŸ«–,:teapot:,teapot,èŒ¶å£º,:èŒ¶å£¶:
ğŸ“†,:tear-off_calendar:,tear-off calendar,æ’•ä¸‹æ—¥æ›†,:æ‰‹æ’•æ—¥å†:
ğŸ§‘â€ğŸ’»,:technologist:,technologist,æŠ€å¸«,:ç¨‹åºå‘˜:
ğŸ§¸,:teddy_bear:,teddy bear,ç©å…·ç†Š,:æ³°è¿ªç†Š:
â˜ï¸,:telephone:,telephone,é›»è©±,:ç”µè¯:
ğŸ“,:telephone_receiver:,telephone receiver,è½ç­’,:ç”µè¯å¬ç­’:
ğŸ”­,:telescope:,telescope,æœ›é é¡,:æœ›è¿œé•œ:
ğŸ“º,:television:,television,é›»è¦–,:ç”µè§†æœº:
ğŸ¾,:tennis:,tennis,ç¶²çƒ,:ç½‘çƒ:
â›º,:tent:,tent,å¸³ç¯·,:å¸ç¯·:
ğŸ¤”,:thinking_face:,thinking face,æ€è€ƒçš„è‡‰,:æƒ³ä¸€æƒ³:
ğŸ©´,:thong_sandal:,thong sandal,å¤¾è¶¾æ¶¼é‹,:å¤¹è¶¾å‡‰é‹:
ğŸ’­,:thought_balloon:,thought balloon,æ€æƒ³æ°£çƒ,:å†…å¿ƒæ´»åŠ¨æ°”æ³¡:
ğŸ•’,:three_oâ€™clock:,three oâ€™clock,ä¸‰é»æ•´,:ä¸‰ç‚¹:
ğŸ‘,:thumbs_down:,thumbs down,ä¸çœ‹å¥½,:æ‹‡æŒ‡å‘ä¸‹:
ğŸ‘,:thumbs_up:,thumbs up,è±èµ·å¤§æ‹‡æŒ‡,:æ‹‡æŒ‡å‘ä¸Š:
ğŸ‘ğŸ¿,:thumbs_up_dark_skin_tone:,thumbs up dark skin tone,è±èµ·å¤§æ‹‡æŒ‡ æ·±è‰²è†šè‰²,:æ‹‡æŒ‡å‘ä¸Š_è¾ƒæ·±è‚¤è‰²:
ğŸ‘ğŸ»,:thumbs_up_light_skin_tone:,thumbs up light skin tone,è±èµ·å¤§æ‹‡æŒ‡ æ·ºè†šè‰²,:æ‹‡æŒ‡å‘ä¸Š_è¾ƒæµ…è‚¤è‰²:
ğŸ‘ğŸ¾,:thumbs_up_medium-dark_skin_tone:,thumbs up medium-dark skin tone,è±èµ·å¤§æ‹‡æŒ‡ ä¸­æ·±è†šè‰²,:æ‹‡æŒ‡å‘ä¸Š_ä¸­ç­‰æ·±è‚¤è‰²:
ğŸ‘ğŸ¼,:thumbs_up_medium-light_skin_tone:,thumbs up medium-light skin tone,è±èµ·å¤§æ‹‡æŒ‡ ä¸­æ·ºè†šè‰²,:æ‹‡æŒ‡å‘ä¸Š_ä¸­ç­‰æµ…è‚¤è‰²:
ğŸ«,:ticket:,ticket,ç¥¨,:ç¥¨:
ğŸ…,:tiger:,tiger,è€è™,:è€è™:
ğŸ¯,:tiger_face:,tiger face,è™è‡‰,:è€è™å¤´:
â²ï¸,:timer_clock:,timer clock,å®šæ™‚å™¨æ™‚é˜,:å®šæ—¶å™¨:
ğŸ˜«,:tired_face:,tired face,ç–²å€¦çš„è‡‰,:ç´¯:
ğŸš½,:toilet:,toilet,æ´—æ‰‹é–“,:é©¬æ¡¶:
ğŸ…,:tomato:,tomato,ç•ªèŒ„,:è¥¿çº¢æŸ¿:
ğŸ‘…,:tongue:,tongue,èˆŒé ­,:èˆŒå¤´:
ğŸ¦·,:tooth:,tooth,é½’,:ç‰™é½¿:
ğŸª¥,:toothbrush:,toothbrush,ç‰™åˆ·,:ç‰™åˆ·:
ğŸ©,:top_hat:,top hat,ç¦®å¸½,:ç¤¼å¸½:
ğŸŒª,:tornado:,tornado,é¾æ²é¢¨,:é¾™å·é£:
â„¢,:trade_mark:,trade mark,å•†æ¨™,:å•†æ ‡:
ğŸš©,:triangular_flag:,triangular flag,ä¸‰è§’æ——,:ä¸‰è§’æ——:
ğŸ†,:trophy:,trophy,æ¯,:å¥–æ¯:
ğŸ¹,:tropical_drink:,tropical drink,ç†±å¸¶é£²æ–™,:çƒ­å¸¦æ°´æœé¥®æ–™:
ğŸ ,:tropical_fish:,tropical fish,ç†±å¸¶é­š,:çƒ­å¸¦é±¼:
ğŸŒ·,:tulip:,tulip,é¬±é‡‘é¦™,:éƒé‡‘é¦™:
ğŸ¥ƒ,:tumbler_glass:,tumbler glass,ä¸å€’ç¿ç»ç’ƒ,:å¹³åº•æ¯:
ğŸ¢,:turtle:,turtle,é¾œ,:é¾Ÿ:
ğŸ•›,:twelve_oâ€™clock:,twelve oâ€™clock,åäºŒé»,:åäºŒç‚¹:
ğŸ’•,:two_hearts:,two hearts,å…©é¡†å¿ƒ,:ä¸¤é¢—å¿ƒ:
â˜‚ï¸,:umbrella:,umbrella,å‚˜,:ä¼:
â›±,:umbrella_on_ground:,umbrella on ground,é›¨å‚˜åœ¨åœ°ä¸Š,:é˜³ä¼:
â˜”,:umbrella_with_rain_drops:,umbrella with rain drops,å¸¶é›¨æ»´çš„é›¨å‚˜,:é›¨ä¼:
ğŸ˜’,:unamused_face:,unamused face,ä¸é–‹å¿ƒçš„è‡‰,:ä¸é«˜å…´:
ğŸ¦„,:unicorn:,unicorn,ç¨è§’ç¸,:ç‹¬è§’å…½:
ğŸ”“,:unlocked:,unlocked,è§£é–,:æ‰“å¼€çš„é”:
â†–,:up-left_arrow:,up-left arrow,å·¦ä¸Šç®­é ­,:å·¦ä¸Šç®­å¤´:
â†—ï¸,:up-right_arrow:,up-right arrow,å³ä¸Šç®­é ­,:å³ä¸Šç®­å¤´:
â†—,:up-right_arrow:,up-right arrow,å³ä¸Šç®­é ­,:å³ä¸Šç®­å¤´:
â¬†ï¸,:up_arrow:,up arrow,å‘ä¸Šç®­é ­,:å‘ä¸Šç®­å¤´:
â¬†,:up_arrow:,up arrow,å‘ä¸Šç®­é ­,:å‘ä¸Šç®­å¤´:
ğŸ™ƒ,:upside-down_face:,upside-down face,é¡›å€’çš„è‡‰,:å€’è„¸:
ğŸ”¼,:upwards_button:,upwards button,å‘ä¸ŠæŒ‰éˆ•,:å‘ä¸Šä¸‰è§’å½¢æŒ‰é’®:
ğŸš¦,:vertical_traffic_light:,vertical traffic light,å‚ç›´äº¤é€šç‡ˆ,:çºµå‘çš„çº¢ç»¿ç¯:
âœŒï¸,:victory_hand:,victory hand,å‹åˆ©ä¹‹æ‰‹,:èƒœåˆ©æ‰‹åŠ¿:
âœŒ,:victory_hand:,victory hand,å‹åˆ©ä¹‹æ‰‹,:èƒœåˆ©æ‰‹åŠ¿:
âœŒğŸ»,:victory_hand_light_skin_tone:,victory hand light skin tone,å‹åˆ©æ‰‹æ·ºè†šè‰²,:èƒœåˆ©æ‰‹åŠ¿_è¾ƒæµ…è‚¤è‰²:
âœŒğŸ¾,:victory_hand_medium-dark_skin_tone:,victory hand medium-dark skin tone,å‹åˆ©ä¹‹æ‰‹ä¸­æ·±è†šè‰²,:èƒœåˆ©æ‰‹åŠ¿_ä¸­ç­‰æ·±è‚¤è‰²:
âœŒğŸ¼,:victory_hand_medium-light_skin_tone:,victory hand medium-light skin tone,å‹åˆ©ä¹‹æ‰‹ä¸­æ·ºè†šè‰²,:èƒœåˆ©æ‰‹åŠ¿_ä¸­ç­‰æµ…è‚¤è‰²:
âœŒğŸ½,:victory_hand_medium_skin_tone:,victory hand medium skin tone,å‹åˆ©ä¹‹æ‰‹ä¸­ç­‰è†šè‰²,:èƒœåˆ©æ‰‹åŠ¿_ä¸­ç­‰è‚¤è‰²:
ğŸ“¹,:video_camera:,video camera,æ”åƒæ©Ÿ,:æ‘„åƒæœº:
ğŸ®,:video_game:,video game,é›»å­éŠæˆ²,:æ¸¸æˆæ‰‹æŸ„:
ğŸ»,:violin:,violin,å°æç´,:å°æç´:
ğŸŒ‹,:volcano:,volcano,ç«å±±,:ç«å±±:
ğŸ,:volleyball:,volleyball,æ’çƒ,:æ’çƒ:
ğŸ––ğŸ½,:vulcan_salute_medium_skin_tone:,vulcan salute medium skin tone,vulcan salute ä¸­ç­‰è†šè‰²,:ç“¦è‚¯ä¸¾æ‰‹ç¤¼_ä¸­ç­‰è‚¤è‰²:
ğŸ§‡,:waffle:,waffle,èƒ¡æ‰¯,:åå¤«é¥¼:
ğŸŒ˜,:waning_crescent_moon:,waning crescent moon,æ®˜æœˆ,:æ®‹æœˆ:
ğŸŒ–,:waning_gibbous_moon:,waning gibbous moon,æ®˜æœˆ,:äºå‡¸æœˆ:
âš ï¸,:warning:,warning,è­¦å‘Š,:è­¦å‘Š:
âš ,:warning:,warning,è­¦å‘Š,:è­¦å‘Š:
ğŸ—‘,:wastebasket:,wastebasket,å»¢ç´™ç°,:åƒåœ¾æ¡¶:
âŒš,:watch:,watch,æ‰‹éŒ¶,:æ‰‹è¡¨:
ğŸš¾,:water_closet:,water closet,æ´—æ‰‹é–“,:å•æ‰€:
ğŸ”«,:water_pistol:,water pistol,æ°´æ§,:æ°´æª:
ğŸŒŠ,:water_wave:,water wave,æ°´æ³¢,:æµªèŠ±:
ğŸ‘‹,:waving_hand:,waving hand,æ®æ‰‹,:æŒ¥æ‰‹:
ğŸ‘‹ğŸ»,:waving_hand_light_skin_tone:,waving hand light skin tone,æ®æ‰‹ è¼ƒæ·ºè†šè‰²,:æŒ¥æ‰‹_è¾ƒæµ…è‚¤è‰²:
ğŸ‘‹ğŸ¾,:waving_hand_medium-dark_skin_tone:,waving hand medium-dark skin tone,æ®æ‰‹ ä¸­æ·±è†šè‰²,:æŒ¥æ‰‹_ä¸­ç­‰æ·±è‚¤è‰²:
ğŸ‘‹ğŸ¼,:waving_hand_medium-light_skin_tone:,waving hand medium-light skin tone,æ®æ‰‹ ä¸­æ·ºè†šè‰²,:æŒ¥æ‰‹_ä¸­ç­‰æµ…è‚¤è‰²:
ã€°ï¸,:wavy_dash:,wavy dash,æ³¢æµªç ´æŠ˜è™Ÿ,:æ³¢æµªå‹ç ´æŠ˜å·:
ã€°,:wavy_dash:,wavy dash,æ³¢æµªç ´æŠ˜è™Ÿ,:æ³¢æµªå‹ç ´æŠ˜å·:
ğŸ™€,:weary_cat:,weary cat,ç–²å€¦çš„è²“,:ç–²å€¦çš„çŒ«:
ğŸ˜©,:weary_face:,weary face,ç–²æ†Šçš„è‡‰,:ç´¯æ­»äº†:
ğŸ’’,:wedding:,wedding,å©šç¦®,:å©šç¤¼:
ğŸ‹,:whale:,whale,é¯¨,:é²¸é±¼:
âšª,:white_circle:,white circle,ç™½è‰²åœ“åœˆ,:ç™½è‰²åœ†:
â•,:white_exclamation_mark:,white exclamation mark,ç™½è‰²æ„Ÿå˜†è™Ÿ,:ç™½è‰²æ„Ÿå¹å·:
ğŸ’®,:white_flower:,white flower,ç™½è‰²çš„èŠ±,:ç™½èŠ±:
ğŸ¤,:white_heart:,white heart,ç™½å¿ƒ,:ç™½å¿ƒ:
â—½,:white_medium-small_square:,white medium-small square,ç™½è‰²ä¸­å°æ–¹,:ç™½è‰²ä¸­å°æ–¹å—:
â—»ï¸,:white_medium_square:,white medium square,ç™½è‰²ä¸­æ–¹å½¢,:ç™½è‰²ä¸­æ–¹å—:
â–«ï¸,:white_small_square:,white small square,ç™½è‰²å°æ–¹å¡Š,:ç™½è‰²å°æ–¹å—:
â–«,:white_small_square:,white small square,ç™½è‰²å°æ–¹å¡Š,:ç™½è‰²å°æ–¹å—:
ğŸ¥€,:wilted_flower:,wilted flower,æ¯èçš„èŠ±,:æ¯èçš„èŠ±:
ğŸ,:wind_chime:,wind chime,é¢¨éˆ´,:é£é“ƒ:
ğŸŒ¬ï¸,:wind_face:,wind face,é¢¨è‡‰,:å¤§é£:
ğŸŒ¬,:wind_face:,wind face,é¢¨è‡‰,:å¤§é£:
ğŸªŸ,:window:,window,çª—æˆ¶,:çª—æˆ·:
ğŸ·,:wine_glass:,wine glass,ç´…é…’æ¯,:è‘¡è„é…’:
ğŸ˜‰,:winking_face:,winking face,çœ¨çœ¼çš„è‡‰,:çœ¨çœ¼:
ğŸ˜œ,:winking_face_with_tongue:,winking face with tongue,ç”¨èˆŒé ­çœ¨çœ¼,:å•çœ¼åèˆŒ:
ğŸº,:wolf:,wolf,ç‹¼,:ç‹¼:
ğŸ‘©,:woman:,woman,å¥³å£«,:å¥³äºº:
ğŸ‘«,:woman_and_man_holding_hands:,woman and man holding hands,æ‰‹ç‰½è‘—æ‰‹çš„å¥³äººå’Œç”·äºº,:æ‰‹æ‹‰æ‰‹çš„ä¸€ç”·ä¸€å¥³:
ğŸ‘«ğŸ»,:woman_and_man_holding_hands_light_skin_tone:,woman and man holding hands light skin tone,æ‰‹æ‹‰æ‰‹çš„å¥³äººå’Œç”·äººæ·ºè†šè‰²,:æ‰‹æ‹‰æ‰‹çš„ä¸€ç”·ä¸€å¥³_è¾ƒæµ…è‚¤è‰²:
ğŸ‘©ğŸ»â€ğŸ¤â€ğŸ‘¨ğŸ¾,:woman_and_man_holding_hands_light_skin_tone_medium-dark_skin_tone:,woman and man holding hands light skin tone medium-dark skin tone,æ‰‹æ‹‰æ‰‹çš„å¥³äººå’Œç”·äººæ·ºè†šè‰²ä¸­ç­‰æ·±è†šè‰²,:æ‰‹æ‹‰æ‰‹çš„ä¸€ç”·ä¸€å¥³_è¾ƒæµ…è‚¤è‰²ä¸­ç­‰æ·±è‚¤è‰²:
ğŸ‘©ğŸ»â€ğŸ¨,:woman_artist_light_skin_tone:,woman artist light skin tone,å¥³è—è¡“å®¶æ·ºè†šè‰²,:å¥³è‰ºæœ¯å®¶_è¾ƒæµ…è‚¤è‰²:
ğŸš´â€â™€ï¸,:woman_biking:,woman biking,å¥³äººé¨è‡ªè¡Œè»Š,:å¥³ç”Ÿéª‘è‡ªè¡Œè½¦:
ğŸš´ğŸ»â€â™€ï¸,:woman_biking_light_skin_tone:,woman biking light skin tone,é¨è‡ªè¡Œè»Šçš„å¥³äººæ·ºè†šè‰²,:å¥³ç”Ÿéª‘è‡ªè¡Œè½¦_è¾ƒæµ…è‚¤è‰²:
ğŸ™‡â€â™€ï¸,:woman_bowing:,woman bowing,å¥³äººé èº¬,:å¥³ç”Ÿé èº¬:
ğŸ™‡â€â™€,:woman_bowing:,woman bowing,å¥³äººé èº¬,:å¥³ç”Ÿé èº¬:
ğŸ™‡ğŸ»â€â™€ï¸,:woman_bowing_light_skin_tone:,woman bowing light skin tone,é èº¬çš„å¥³äººæ·ºè†šè‰²,:å¥³ç”Ÿé èº¬_è¾ƒæµ…è‚¤è‰²:
ğŸ™‡ğŸ½â€â™€ï¸,:woman_bowing_medium_skin_tone:,woman bowing medium skin tone,é èº¬çš„å¥³äººä¸­ç­‰è†šè‰²,:å¥³ç”Ÿé èº¬_ä¸­ç­‰è‚¤è‰²:
ğŸ¤¸ğŸ»â€â™€ï¸,:woman_cartwheeling_light_skin_tone:,woman cartwheeling light skin tone,å¥³äººå´æ‰‹ç¿»è¼ƒæ·ºè†šè‰²,:å¥³ç”Ÿä¾§æ‰‹ç¿»_è¾ƒæµ…è‚¤è‰²:
ğŸ§—ğŸ»â€â™€ï¸,:woman_climbing_light_skin_tone:,woman climbing light skin tone,æ”€çˆ¬çš„å¥³äººæ·ºè†šè‰²,:æ”€çˆ¬çš„å¥³äºº_è¾ƒæµ…è‚¤è‰²:
ğŸ‘©â€ğŸ³,:woman_cook:,woman cook,å¥³å»šå¸«,:å¥³å¨å¸ˆ:
ğŸ‘©ğŸ»â€ğŸ³,:woman_cook_light_skin_tone:,woman cook light skin tone,å¥³å»šå¸«æ·ºè†šè‰²,:å¥³å¨å¸ˆ_è¾ƒæµ…è‚¤è‰²:
ğŸ’ƒ,:woman_dancing:,woman dancing,å¥³äººè·³èˆ,:è·³èˆçš„å¥³äºº:
ğŸ’ƒğŸ»,:woman_dancing_light_skin_tone:,woman dancing light skin tone,è·³èˆçš„å¥³äººæ·ºè†šè‰²,:è·³èˆçš„å¥³äºº_è¾ƒæµ…è‚¤è‰²:
ğŸ’ƒğŸ¼,:woman_dancing_medium-light_skin_tone:,woman dancing medium-light skin tone,è·³èˆçš„å¥³äººä¸­æ·ºè†šè‰²,:è·³èˆçš„å¥³äºº_ä¸­ç­‰æµ…è‚¤è‰²:
ğŸ’ƒğŸ½,:woman_dancing_medium_skin_tone:,woman dancing medium skin tone,è·³èˆçš„å¥³äººä¸­ç­‰è†šè‰²,:è·³èˆçš„å¥³äºº_ä¸­ç­‰è‚¤è‰²:
ğŸ‘©ğŸ¿,:woman_dark_skin_tone:,woman dark skin tone,å¥³äººæ·±è‰²è†šè‰²,:å¥³äºº_è¾ƒæ·±è‚¤è‰²:
ğŸ‘©ğŸ¿â€ğŸ¦±,:woman_dark_skin_tone_curly_hair:,woman dark skin tone curly hair,å¥³äººæ·±è‰²è†šè‰²æ²é«®,:å¥³äºº_è¾ƒæ·±è‚¤è‰²å·å‘:
ğŸ‘©ğŸ¿â€ğŸ¦°,:woman_dark_skin_tone_red_hair:,woman dark skin tone red hair,å¥³äººæ·±è‰²è†šè‰²ç´…é ­é«®,:å¥³äºº_è¾ƒæ·±è‚¤è‰²çº¢å‘:
ğŸ§ğŸ»â€â™€ï¸,:woman_elf_light_skin_tone:,woman elf light skin tone,å¥³ç²¾éˆæ·ºè†šè‰²,:å¥³å°ç²¾çµ_è¾ƒæµ…è‚¤è‰²:
ğŸ¤¦â€â™€ï¸,:woman_facepalming:,woman facepalming,å¥³äººæ‚è‡‰,:å¥³ç”Ÿæ‚è„¸:
ğŸ¤¦ğŸ»â€â™€ï¸,:woman_facepalming_light_skin_tone:,woman facepalming light skin tone,å¥³äººæ‚è‡‰æ·ºè†šè‰²,:å¥³ç”Ÿæ‚è„¸_è¾ƒæµ…è‚¤è‰²:
ğŸ¤¦ğŸ»â€â™€,:woman_facepalming_light_skin_tone:,woman facepalming light skin tone,å¥³äººæ‚è‡‰æ·ºè†šè‰²,:å¥³ç”Ÿæ‚è„¸_è¾ƒæµ…è‚¤è‰²:
ğŸ¤¦ğŸ¼â€â™€ï¸,:woman_facepalming_medium-light_skin_tone:,woman facepalming medium-light skin tone,å¥³äººæ‚è‡‰ ä¸­æ·ºè†šè‰²,:å¥³ç”Ÿæ‚è„¸_ä¸­ç­‰æµ…è‚¤è‰²:
ğŸ§šâ€â™€ï¸,:woman_fairy:,woman fairy,å¥³ä»™å¥³,:ä»™å¥³:
ğŸ§šâ€â™€,:woman_fairy:,woman fairy,å¥³ä»™å¥³,:ä»™å¥³:
ğŸ§šğŸ»â€â™€ï¸,:woman_fairy_light_skin_tone:,woman fairy light skin tone,å¥³ä»™å¥³æ·ºè†šè‰²,:ä»™å¥³_è¾ƒæµ…è‚¤è‰²:
ğŸ§šğŸ¾â€â™€ï¸,:woman_fairy_medium-dark_skin_tone:,woman fairy medium-dark skin tone,å¥³ä»™å­ä¸­æ·±è†šè‰²,:ä»™å¥³_ä¸­ç­‰æ·±è‚¤è‰²:
ğŸ™â€â™€ï¸,:woman_frowning:,woman frowning,å¥³äººçšºè‘—çœ‰é ­,:çš±çœ‰å¥³:
ğŸ™ğŸ»â€â™€ï¸,:woman_frowning_light_skin_tone:,woman frowning light skin tone,çšºçœ‰çš„å¥³äººæ·ºè†šè‰²,:çš±çœ‰å¥³_è¾ƒæµ…è‚¤è‰²:
ğŸ™…â€â™€ï¸,:woman_gesturing_NO:,woman gesturing NO,å¥³äººæ‰“æ‰‹å‹¢ä¸,:ç¦æ­¢æ‰‹åŠ¿å¥³:
ğŸ™…ğŸ»â€â™€ï¸,:woman_gesturing_NO_light_skin_tone:,woman gesturing NO light skin tone,å¥³äººæ‰“æ‰‹å‹¢ æ²’æœ‰æ·ºè†šè‰²,:ç¦æ­¢æ‰‹åŠ¿å¥³_è¾ƒæµ…è‚¤è‰²:
ğŸ™†â€â™€ï¸,:woman_gesturing_OK:,woman gesturing OK,å¥³äººæ‰“æ‰‹å‹¢å¥½,:OKæ‰‹åŠ¿å¥³:
ğŸ™†ğŸ»â€â™€ï¸,:woman_gesturing_OK_light_skin_tone:,woman gesturing OK light skin tone,å¥³äººæ‰“æ‰‹å‹¢ OK æ·ºè†šè‰²,:OKæ‰‹åŠ¿å¥³_è¾ƒæµ…è‚¤è‰²:
ğŸ™†ğŸ¼â€â™€ï¸,:woman_gesturing_OK_medium-light_skin_tone:,woman gesturing OK medium-light skin tone,å¥³äººåš OK ä¸­ç­‰-æ·ºè†šè‰²æ‰‹å‹¢,:OKæ‰‹åŠ¿å¥³_ä¸­ç­‰æµ…è‚¤è‰²:
ğŸ’‡â€â™€ï¸,:woman_getting_haircut:,woman getting haircut,ç†é«®çš„å¥³äºº,:å¥³ç”Ÿç†å‘:
ğŸ’‡ğŸ»â€â™€ï¸,:woman_getting_haircut_light_skin_tone:,woman getting haircut light skin tone,æ­£åœ¨ç†é«®çš„å¥³äººæ·ºè†šè‰²,:å¥³ç”Ÿç†å‘_è¾ƒæµ…è‚¤è‰²:
ğŸ’‡ğŸ¼â€â™€ï¸,:woman_getting_haircut_medium-light_skin_tone:,woman getting haircut medium-light skin tone,æ­£åœ¨ç†é«®çš„å¥³äººä¸­æ·ºè†šè‰²,:å¥³ç”Ÿç†å‘_ä¸­ç­‰æµ…è‚¤è‰²:
ğŸ’†â€â™€ï¸,:woman_getting_massage:,woman getting massage,å¥³äººå¾—åˆ°æŒ‰æ‘©,:å¥³ç”ŸæŒ‰æ‘©:
ğŸ’†ğŸ»â€â™€ï¸,:woman_getting_massage_light_skin_tone:,woman getting massage light skin tone,æ¥å—æŒ‰æ‘©çš„å¥³äººæ·ºè†šè‰²,:å¥³ç”ŸæŒ‰æ‘©_è¾ƒæµ…è‚¤è‰²:
ğŸ’†ğŸ¼â€â™€ï¸,:woman_getting_massage_medium-light_skin_tone:,woman getting massage medium-light skin tone,å¥³äººæ­£åœ¨æ¥å—æŒ‰æ‘©ä¸­æ·ºè†šè‰²,:å¥³ç”ŸæŒ‰æ‘©_ä¸­ç­‰æµ…è‚¤è‰²:
ğŸ§˜ğŸ»â€â™€ï¸,:woman_in_lotus_position_light_skin_tone:,woman in lotus position light skin tone,ç›¤è“®èŠ±çš„å¥³äººæ·ºè†šè‰²,:ç›˜è…¿çš„å¥³äºº_è¾ƒæµ…è‚¤è‰²:
ğŸ§˜ğŸ¼â€â™€ï¸,:woman_in_lotus_position_medium-light_skin_tone:,woman in lotus position medium-light skin tone,ç›¤è“®èŠ±å¥³äººä¸­æ·ºè†šè‰²,:ç›˜è…¿çš„å¥³äºº_ä¸­ç­‰æµ…è‚¤è‰²:
ğŸ§â€â™€ï¸,:woman_kneeling:,woman kneeling,è·ªè‘—çš„å¥³äºº,:è·ªä¸‹çš„å¥³äºº:
ğŸ‹ğŸ»â€â™€ï¸,:woman_lifting_weights_light_skin_tone:,woman lifting weights light skin tone,å¥³äººèˆ‰é‡æ·ºè†šè‰²,:å¥³ç”Ÿä¸¾é‡_è¾ƒæµ…è‚¤è‰²:
ğŸ‘©ğŸ»,:woman_light_skin_tone:,woman light skin tone,å¥³äººæ·ºè†šè‰²,:å¥³äºº_è¾ƒæµ…è‚¤è‰²:
ğŸ‘±ğŸ»â€â™€ï¸,:woman_light_skin_tone_blond_hair:,woman light skin tone blond hair,å¥³äººæ·ºè†šè‰²é‡‘ç™¼,:é‡‘å‘å¥³_è¾ƒæµ…è‚¤è‰²:
ğŸ‘©ğŸ»â€ğŸ¦°,:woman_light_skin_tone_red_hair:,woman light skin tone red hair,å¥³äººæ·ºè†šè‰²ç´…é ­é«®,:å¥³äºº_è¾ƒæµ…è‚¤è‰²çº¢å‘:
ğŸ‘©ğŸ»â€ğŸ¦³,:woman_light_skin_tone_white_hair:,woman light skin tone white hair,å¥³äººæ·ºè†šè‰²ç™½é ­é«®,:å¥³äºº_è¾ƒæµ…è‚¤è‰²ç™½å‘:
ğŸ‘©ğŸ¼,:woman_medium-light_skin_tone:,woman medium-light skin tone,å¥³äººä¸­æ·ºè†šè‰²,:å¥³äºº_ä¸­ç­‰æµ…è‚¤è‰²:
ğŸ‘±ğŸ¼â€â™€ï¸,:woman_medium-light_skin_tone_blond_hair:,woman medium-light skin tone blond hair,å¥³äººä¸­æ·ºè†šè‰²é‡‘ç™¼,:é‡‘å‘å¥³_ä¸­ç­‰æµ…è‚¤è‰²:
ğŸ‘©ğŸ¼â€ğŸ¦±,:woman_medium-light_skin_tone_curly_hair:,woman medium-light skin tone curly hair,å¥³äººä¸­æ·ºè†šè‰²æ²é«®,:å¥³äºº_ä¸­ç­‰æµ…è‚¤è‰²å·å‘:
ğŸ‘©ğŸ¼â€ğŸ¦°,:woman_medium-light_skin_tone_red_hair:,woman medium-light skin tone red hair,å¥³äººä¸­æ·ºè†šè‰²ç´…é ­é«®,:å¥³äºº_ä¸­ç­‰æµ…è‚¤è‰²çº¢å‘:
ğŸ‘©ğŸ»â€âœˆï¸,:woman_pilot_light_skin_tone:,woman pilot light skin tone,å¥³é£›è¡Œå“¡æ·ºè†šè‰²,:å¥³é£è¡Œå‘˜_è¾ƒæµ…è‚¤è‰²:
ğŸ™â€â™€ï¸,:woman_pouting:,woman pouting,å™˜å˜´çš„å¥³äºº,:æ’…å˜´å¥³:
ğŸ™‹â€â™€ï¸,:woman_raising_hand:,woman raising hand,å¥³äººèˆ‰æ‰‹,:å¥³ç”Ÿä¸¾æ‰‹:
ğŸ™‹ğŸ»â€â™€ï¸,:woman_raising_hand_light_skin_tone:,woman raising hand light skin tone,èˆ‰æ‰‹çš„å¥³äººæ·ºè†šè‰²,:å¥³ç”Ÿä¸¾æ‰‹_è¾ƒæµ…è‚¤è‰²:
ğŸ‘©â€ğŸ¦°,:woman_red_hair:,woman red hair,ç´…é ­é«®çš„å¥³äºº,:å¥³äºº_çº¢å‘:
ğŸƒâ€â™€ï¸,:woman_running:,woman running,å¥³äººè·‘,:å¥³ç”Ÿè·‘æ­¥:
ğŸƒğŸ»â€â™€ï¸,:woman_running_light_skin_tone:,woman running light skin tone,è·‘æ­¥çš„å¥³äººæ·ºè†šè‰²,:å¥³ç”Ÿè·‘æ­¥_è¾ƒæµ…è‚¤è‰²:
ğŸ¤·â€â™€ï¸,:woman_shrugging:,woman shrugging,å¥³äººè³è‚©,:å¥³ç”Ÿè€¸è‚©:
ğŸ¤·ğŸ¿â€â™€ï¸,:woman_shrugging_dark_skin_tone:,woman shrugging dark skin tone,æ·±è‰²è†šè‰²è³è‚©çš„å¥³äºº,:å¥³ç”Ÿè€¸è‚©_è¾ƒæ·±è‚¤è‰²:
ğŸ¤·ğŸ»â€â™€ï¸,:woman_shrugging_light_skin_tone:,woman shrugging light skin tone,è³è‚©çš„å¥³äººæ·ºè†šè‰²,:å¥³ç”Ÿè€¸è‚©_è¾ƒæµ…è‚¤è‰²:
ğŸ¤·ğŸ¾â€â™€ï¸,:woman_shrugging_medium-dark_skin_tone:,woman shrugging medium-dark skin tone,è³è‚©çš„å¥³äºº ä¸­æ·±è†šè‰²,:å¥³ç”Ÿè€¸è‚©_ä¸­ç­‰æ·±è‚¤è‰²:
ğŸ¤·ğŸ¼â€â™€ï¸,:woman_shrugging_medium-light_skin_tone:,woman shrugging medium-light skin tone,è³è‚©çš„å¥³äººä¸­æ·ºè†šè‰²,:å¥³ç”Ÿè€¸è‚©_ä¸­ç­‰æµ…è‚¤è‰²:
ğŸ§â€â™€ï¸,:woman_standing:,woman standing,ç«™è‘—çš„å¥³äºº,:ç«™ç«‹çš„å¥³äºº:
ğŸ‘©ğŸ»â€ğŸ“,:woman_student_light_skin_tone:,woman student light skin tone,å¥³å­¸ç”Ÿæ·ºè†šè‰²,:å¥³å­¦ç”Ÿ_è¾ƒæµ…è‚¤è‰²:
ğŸ„â€â™€ï¸,:woman_surfing:,woman surfing,å¥³äººè¡æµª,:å¥³ç”Ÿå†²æµª:
ğŸŠâ€â™€ï¸,:woman_swimming:,woman swimming,å¥³å­æ¸¸æ³³,:å¥³ç”Ÿæ¸¸æ³³:
ğŸ‘©â€ğŸ«,:woman_teacher:,woman teacher,å¥³è€å¸«,:å¥³è€å¸ˆ:
ğŸ’â€â™€ï¸,:woman_tipping_hand:,woman tipping hand,å¥³äººå‚¾æ–œçš„æ‰‹,:å‰å°å¥³:
ğŸ’ğŸ»â€â™€ï¸,:woman_tipping_hand_light_skin_tone:,woman tipping hand light skin tone,å¥³äººå‚¾æ–œæ‰‹è¼ƒæ·ºè†šè‰²,:å‰å°å¥³_è¾ƒæµ…è‚¤è‰²:
ğŸš¶â€â™€ï¸,:woman_walking:,woman walking,èµ°è·¯çš„å¥³äºº,:å¥³è¡Œäºº:
ğŸ‘°â€â™€ï¸,:woman_with_veil:,woman with veil,æˆ´é¢ç´—çš„å¥³äºº,:æˆ´å¤´çº±çš„å¥³äºº:
ğŸ‘°ğŸ»â€â™€ï¸,:woman_with_veil_light_skin_tone:,woman with veil light skin tone,é¢ç´—æ·ºè†šè‰²çš„å¥³äºº,:æˆ´å¤´çº±çš„å¥³äºº_è¾ƒæµ…è‚¤è‰²:
ğŸ§Ÿâ€â™€ï¸,:woman_zombie:,woman zombie,å¥³æ®­å±,:å¥³åƒµå°¸:
ğŸ‘¢,:womanâ€™s_boot:,womanâ€™s boot,å¥³äººçš„é´å­,:å¥³é´:
ğŸ‘š,:womanâ€™s_clothes:,womanâ€™s clothes,å¥³äººçš„è¡£æœ,:å¥³è£…:
ğŸ‘­,:women_holding_hands:,women holding hands,å©¦å¥³æ‰‹ç‰½è‘—æ‰‹,:æ‰‹æ‹‰æ‰‹çš„ä¸¤ä¸ªå¥³äºº:
ğŸ‘­ğŸ»,:women_holding_hands_light_skin_tone:,women holding hands light skin tone,æ‰‹æ‹‰æ‰‹çš„å¥³äººæ·ºè†šè‰²,:æ‰‹æ‹‰æ‰‹çš„ä¸¤ä¸ªå¥³äºº_è¾ƒæµ…è‚¤è‰²:
ğŸ‘¯â€â™€ï¸,:women_with_bunny_ears:,women with bunny ears,é•·è‘—å…”è€³æœµçš„å¥³äºº,:å…”å¥³éƒ:
ğŸšº,:womenâ€™s_room:,womenâ€™s room,å¥³å»æ‰€,:å¥³å•:
ğŸªµ,:wood:,wood,æœ¨é ­,:æœ¨å¤´:
ğŸ¥´,:woozy_face:,woozy face,æ˜æ˜æ²‰æ²‰çš„è‡‰,:å¤´æ˜çœ¼èŠ±:
ğŸ—º,:world_map:,world map,ä¸–ç•Œåœ°åœ–,:ä¸–ç•Œåœ°å›¾:
ğŸ˜Ÿ,:worried_face:,worried face,æ“”å¿ƒçš„è‡‰,:æ‹…å¿ƒ:
ğŸ,:wrapped_gift:,wrapped gift,åŒ…è£¹çš„ç¦®ç‰©,:ç¤¼ç‰©:
ğŸ”§,:wrench:,wrench,æ‰³æ‰‹,:æ‰³æ‰‹:
âœï¸,:writing_hand:,writing hand,æ‰‹å¯«,:å†™å­—:
âœğŸ»,:writing_hand_light_skin_tone:,writing hand light skin tone,æ›¸å¯«æ‰‹æ·ºè†šè‰²,:å†™å­—_è¾ƒæµ…è‚¤è‰²:
ğŸ¥±,:yawning_face:,yawning face,æ‰“å“ˆæ¬ çš„è‡‰,:æ‰“å‘µæ¬ :
ğŸ’›,:yellow_heart:,yellow heart,é»ƒå¿ƒ,:é»„å¿ƒ:
ğŸŸ¨,:yellow_square:,yellow square,é»ƒè‰²æ–¹å¡Š,:é»„è‰²æ–¹å—:
ğŸ¤ª,:zany_face:,zany face,æ»‘ç¨½çš„è‡‰,:æ»‘ç¨½:
ğŸ¦“,:zebra:,zebra,æ–‘é¦¬,:æ–‘é©¬:
ğŸ¤,:zipper-mouth_face:,zipper-mouth face,æ‹‰éŠå˜´è‡‰,:é—­å˜´:
